household_id,居住都道府県,居住市区町村
1,神奈川県,横浜市
2,神奈川県,横浜市
3,神奈川県,横浜市
4,神奈川県,横浜市
5,神奈川県,横浜市
6,神奈川県,横浜市
7,神奈川県,横浜市
8,神奈川県,横浜市
9,神奈川県,横浜市
10,神奈川県,横浜市
11,神奈川県,横浜市
12,神奈川県,横浜市
13,神奈川県,横浜市
14,神奈川県,横浜市
15,神奈川県,横浜市
16,神奈川県,横浜市
17,神奈川県,横浜市
18,神奈川県,横浜市
19,神奈川県,横浜市
20,神奈川県,横浜市
21,神奈川県,横浜市
22,神奈川県,横浜市
23,神奈川県,横浜市
24,神奈川県,横浜市
25,神奈川県,横浜市
26,神奈川県,横浜市
27,神奈川県,横浜市
28,神奈川県,横浜市
29,神奈川県,横浜市
30,神奈川県,横浜市
31,神奈川県,横浜市
32,神奈川県,横浜市
33,神奈川県,横浜市
34,神奈川県,横浜市
35,神奈川県,横浜市
36,神奈川県,横浜市
37,神奈川県,横浜市
38,神奈川県,横浜市
39,神奈川県,横浜市
40,神奈川県,横浜市
41,神奈川県,横浜市
42,神奈川県,横浜市
43,神奈川県,横浜市
44,神奈川県,横浜市
45,神奈川県,横浜市
46,神奈川県,横浜市
47,神奈川県,横浜市
48,神奈川県,横浜市
49,神奈川県,横浜市
50,神奈川県,横浜市
51,神奈川県,横浜市
52,神奈川県,横浜市
53,神奈川県,横浜市
54,神奈川県,横浜市
55,神奈川県,横浜市
56,神奈川県,横浜市
57,神奈川県,横浜市
58,神奈川県,横浜市
59,神奈川県,横浜市
60,神奈川県,横浜市
61,神奈川県,横浜市
62,神奈川県,横浜市
63,神奈川県,横浜市
64,神奈川県,横浜市
65,神奈川県,横浜市
66,神奈川県,横浜市
67,神奈川県,横浜市
68,神奈川県,横浜市
69,神奈川県,横浜市
70,神奈川県,横浜市
71,神奈川県,横浜市
72,神奈川県,横浜市
73,神奈川県,横浜市
74,神奈川県,横浜市
75,神奈川県,横浜市
76,神奈川県,横浜市
77,神奈川県,横浜市
78,神奈川県,横浜市
79,神奈川県,横浜市
80,神奈川県,横浜市
81,神奈川県,横浜市
82,神奈川県,横浜市
83,神奈川県,横浜市
84,神奈川県,横浜市
85,神奈川県,横浜市
86,神奈川県,横浜市
87,神奈川県,横浜市
88,神奈川県,横浜市
89,神奈川県,横浜市
90,神奈川県,横浜市
91,神奈川県,横浜市
92,神奈川県,横浜市
93,神奈川県,横浜市
94,神奈川県,横浜市
95,神奈川県,横浜市
96,神奈川県,横浜市
97,神奈川県,横浜市
98,神奈川県,横浜市
99,神奈川県,横浜市
100,神奈川県,横浜市
101,神奈川県,横浜市
102,神奈川県,横浜市
103,神奈川県,横浜市
104,神奈川県,横浜市
105,神奈川県,横浜市
106,神奈川県,横浜市
107,神奈川県,横浜市
108,神奈川県,横浜市
109,神奈川県,横浜市
110,神奈川県,横浜市
111,神奈川県,横浜市
112,神奈川県,横浜市
113,神奈川県,横浜市
114,神奈川県,横浜市
115,神奈川県,横浜市
116,神奈川県,横浜市
117,神奈川県,横浜市
118,神奈川県,横浜市
119,神奈川県,横浜市
120,神奈川県,横浜市
121,神奈川県,横浜市
122,神奈川県,横浜市
123,神奈川県,横浜市
124,神奈川県,横浜市
125,神奈川県,横浜市
126,神奈川県,横浜市
127,神奈川県,横浜市
128,神奈川県,横浜市
129,神奈川県,横浜市
130,神奈川県,横浜市
131,神奈川県,横浜市
132,神奈川県,横浜市
133,神奈川県,横浜市
134,神奈川県,横浜市
135,神奈川県,横浜市
136,神奈川県,横浜市
137,神奈川県,横浜市
138,神奈川県,横浜市
139,神奈川県,横浜市
140,神奈川県,横浜市
141,神奈川県,横浜市
142,神奈川県,横浜市
143,神奈川県,横浜市
144,神奈川県,横浜市
145,神奈川県,横浜市
146,神奈川県,横浜市
147,神奈川県,横浜市
148,神奈川県,横浜市
149,神奈川県,横浜市
150,神奈川県,横浜市
151,神奈川県,横浜市
152,神奈川県,横浜市
153,神奈川県,横浜市
154,神奈川県,横浜市
155,神奈川県,横浜市
156,神奈川県,横浜市
157,神奈川県,横浜市
158,神奈川県,横浜市
159,神奈川県,横浜市
160,神奈川県,横浜市
161,神奈川県,横浜市
162,神奈川県,横浜市
163,神奈川県,横浜市
164,神奈川県,横浜市
165,神奈川県,横浜市
166,神奈川県,横浜市
167,神奈川県,横浜市
168,神奈川県,横浜市
169,神奈川県,横浜市
170,神奈川県,横浜市
171,神奈川県,横浜市
172,神奈川県,横浜市
173,神奈川県,横浜市
174,神奈川県,横浜市
175,神奈川県,横浜市
176,神奈川県,横浜市
177,神奈川県,横浜市
178,神奈川県,横浜市
179,神奈川県,横浜市
180,神奈川県,横浜市
181,神奈川県,横浜市
182,神奈川県,横浜市
183,神奈川県,横浜市
184,神奈川県,横浜市
185,神奈川県,横浜市
186,神奈川県,横浜市
187,神奈川県,横浜市
188,神奈川県,横浜市
189,神奈川県,横浜市
190,神奈川県,横浜市
191,神奈川県,横浜市
192,神奈川県,横浜市
193,神奈川県,横浜市
194,神奈川県,横浜市
195,神奈川県,横浜市
196,神奈川県,横浜市
197,神奈川県,横浜市
198,神奈川県,横浜市
199,神奈川県,横浜市
200,神奈川県,横浜市
201,神奈川県,横浜市
202,神奈川県,横浜市
203,神奈川県,横浜市
204,神奈川県,横浜市
205,神奈川県,横浜市
206,神奈川県,横浜市
207,神奈川県,横浜市
208,神奈川県,横浜市
209,神奈川県,横浜市
210,神奈川県,横浜市
211,神奈川県,横浜市
212,神奈川県,横浜市
213,神奈川県,横浜市
214,神奈川県,横浜市
215,神奈川県,横浜市
216,神奈川県,横浜市
217,神奈川県,横浜市
218,神奈川県,横浜市
219,神奈川県,横浜市
220,神奈川県,横浜市
221,神奈川県,横浜市
222,神奈川県,横浜市
223,神奈川県,横浜市
224,神奈川県,横浜市
225,神奈川県,横浜市
226,神奈川県,横浜市
227,神奈川県,横浜市
228,神奈川県,横浜市
229,神奈川県,横浜市
230,神奈川県,横浜市
231,神奈川県,横浜市
232,神奈川県,横浜市
233,神奈川県,横浜市
234,神奈川県,横浜市
235,神奈川県,横浜市
236,神奈川県,横浜市
237,神奈川県,横浜市
238,神奈川県,横浜市
239,神奈川県,横浜市
240,神奈川県,横浜市
241,神奈川県,横浜市
242,神奈川県,横浜市
243,神奈川県,横浜市
244,神奈川県,横浜市
245,神奈川県,横浜市
246,神奈川県,横浜市
247,神奈川県,横浜市
248,神奈川県,横浜市
249,神奈川県,横浜市
250,神奈川県,横浜市
251,神奈川県,横浜市
252,神奈川県,横浜市
253,神奈川県,横浜市
254,神奈川県,横浜市
255,神奈川県,横浜市
256,神奈川県,横浜市
257,神奈川県,横浜市
258,神奈川県,横浜市
259,神奈川県,横浜市
260,神奈川県,横浜市
261,神奈川県,横浜市
262,神奈川県,横浜市
263,神奈川県,横浜市
264,神奈川県,横浜市
265,神奈川県,横浜市
266,神奈川県,横浜市
267,神奈川県,横浜市
268,神奈川県,横浜市
269,神奈川県,横浜市
270,神奈川県,横浜市
271,神奈川県,横浜市
272,神奈川県,横浜市
273,神奈川県,横浜市
274,神奈川県,横浜市
275,神奈川県,横浜市
276,神奈川県,横浜市
277,神奈川県,横浜市
278,神奈川県,横浜市
279,神奈川県,横浜市
280,神奈川県,横浜市
281,神奈川県,横浜市
282,神奈川県,横浜市
283,神奈川県,横浜市
284,神奈川県,横浜市
285,神奈川県,横浜市
286,神奈川県,横浜市
287,神奈川県,横浜市
288,神奈川県,横浜市
289,神奈川県,横浜市
290,神奈川県,横浜市
291,神奈川県,横浜市
292,神奈川県,横浜市
293,神奈川県,横浜市
294,神奈川県,横浜市
295,神奈川県,横浜市
296,神奈川県,横浜市
297,神奈川県,横浜市
298,神奈川県,横浜市
299,神奈川県,横浜市
300,神奈川県,横浜市
301,神奈川県,横浜市
302,神奈川県,横浜市
303,神奈川県,横浜市
304,神奈川県,横浜市
305,神奈川県,横浜市
306,神奈川県,横浜市
307,神奈川県,横浜市
308,神奈川県,横浜市
309,神奈川県,横浜市
310,神奈川県,横浜市
311,神奈川県,横浜市
312,神奈川県,横浜市
313,神奈川県,横浜市
314,神奈川県,横浜市
315,神奈川県,横浜市
316,神奈川県,横浜市
317,神奈川県,横浜市
318,神奈川県,横浜市
319,神奈川県,横浜市
320,神奈川県,横浜市
321,神奈川県,横浜市
322,神奈川県,横浜市
323,神奈川県,横浜市
324,神奈川県,横浜市
325,神奈川県,横浜市
326,神奈川県,横浜市
327,神奈川県,横浜市
328,神奈川県,横浜市
329,神奈川県,横浜市
330,神奈川県,横浜市
331,神奈川県,横浜市
332,神奈川県,横浜市
333,神奈川県,横浜市
334,神奈川県,横浜市
335,神奈川県,横浜市
336,神奈川県,横浜市
337,神奈川県,横浜市
338,神奈川県,横浜市
339,神奈川県,横浜市
340,神奈川県,横浜市
341,神奈川県,横浜市
342,神奈川県,横浜市
343,神奈川県,横浜市
344,神奈川県,横浜市
345,神奈川県,横浜市
346,神奈川県,横浜市
347,神奈川県,横浜市
348,神奈川県,横浜市
349,神奈川県,横浜市
350,神奈川県,横浜市
351,神奈川県,横浜市
352,神奈川県,横浜市
353,神奈川県,横浜市
354,神奈川県,横浜市
355,神奈川県,横浜市
356,神奈川県,横浜市
357,神奈川県,横浜市
358,神奈川県,横浜市
359,神奈川県,横浜市
360,神奈川県,横浜市
361,神奈川県,横浜市
362,神奈川県,横浜市
363,神奈川県,横浜市
364,神奈川県,横浜市
365,神奈川県,横浜市
366,神奈川県,横浜市
367,神奈川県,横浜市
368,神奈川県,横浜市
369,神奈川県,横浜市
370,神奈川県,横浜市
371,神奈川県,横浜市
372,神奈川県,横浜市
373,神奈川県,横浜市
374,神奈川県,横浜市
375,神奈川県,横浜市
376,神奈川県,横浜市
377,神奈川県,横浜市
378,神奈川県,横浜市
379,神奈川県,横浜市
380,神奈川県,横浜市
381,神奈川県,横浜市
382,神奈川県,横浜市
383,神奈川県,横浜市
384,神奈川県,横浜市
385,神奈川県,横浜市
386,神奈川県,横浜市
387,神奈川県,横浜市
388,神奈川県,横浜市
389,神奈川県,横浜市
390,神奈川県,横浜市
391,神奈川県,横浜市
392,神奈川県,横浜市
393,神奈川県,横浜市
394,神奈川県,横浜市
395,神奈川県,横浜市
396,神奈川県,横浜市
397,神奈川県,横浜市
398,神奈川県,横浜市
399,神奈川県,横浜市
400,神奈川県,横浜市
401,神奈川県,横浜市
402,神奈川県,横浜市
403,神奈川県,横浜市
404,神奈川県,横浜市
405,神奈川県,横浜市
406,神奈川県,横浜市
407,神奈川県,横浜市
408,神奈川県,横浜市
409,神奈川県,横浜市
410,神奈川県,横浜市
411,神奈川県,横浜市
412,神奈川県,横浜市
413,神奈川県,横浜市
414,神奈川県,横浜市
415,神奈川県,横浜市
416,神奈川県,横浜市
417,神奈川県,横浜市
418,神奈川県,横浜市
419,神奈川県,横浜市
420,神奈川県,横浜市
421,神奈川県,横浜市
422,神奈川県,横浜市
423,神奈川県,横浜市
424,神奈川県,横浜市
425,神奈川県,横浜市
426,神奈川県,横浜市
427,神奈川県,横浜市
428,神奈川県,横浜市
429,神奈川県,横浜市
430,神奈川県,横浜市
431,神奈川県,横浜市
432,神奈川県,横浜市
433,神奈川県,横浜市
434,神奈川県,横浜市
435,神奈川県,横浜市
436,神奈川県,横浜市
437,神奈川県,横浜市
438,神奈川県,横浜市
439,神奈川県,横浜市
440,神奈川県,横浜市
441,神奈川県,横浜市
442,神奈川県,横浜市
443,神奈川県,横浜市
444,神奈川県,横浜市
445,神奈川県,横浜市
446,神奈川県,横浜市
447,神奈川県,横浜市
448,神奈川県,横浜市
449,神奈川県,横浜市
450,神奈川県,横浜市
451,神奈川県,横浜市
452,神奈川県,横浜市
453,神奈川県,横浜市
454,神奈川県,横浜市
455,神奈川県,横浜市
456,神奈川県,横浜市
457,神奈川県,横浜市
458,神奈川県,横浜市
459,神奈川県,横浜市
460,神奈川県,横浜市
461,神奈川県,横浜市
462,神奈川県,横浜市
463,神奈川県,横浜市
464,神奈川県,横浜市
465,神奈川県,横浜市
466,神奈川県,横浜市
467,神奈川県,横浜市
468,神奈川県,横浜市
469,神奈川県,横浜市
470,神奈川県,横浜市
471,神奈川県,横浜市
472,神奈川県,横浜市
473,神奈川県,横浜市
474,神奈川県,横浜市
475,神奈川県,横浜市
476,神奈川県,横浜市
477,神奈川県,横浜市
478,神奈川県,横浜市
479,神奈川県,横浜市
480,神奈川県,横浜市
481,神奈川県,横浜市
482,神奈川県,横浜市
483,神奈川県,横浜市
484,神奈川県,横浜市
485,神奈川県,横浜市
486,神奈川県,横浜市
487,神奈川県,横浜市
488,神奈川県,横浜市
489,神奈川県,横浜市
490,神奈川県,横浜市
491,神奈川県,横浜市
492,神奈川県,横浜市
493,神奈川県,横浜市
494,神奈川県,横浜市
495,神奈川県,横浜市
496,神奈川県,横浜市
497,神奈川県,横浜市
498,神奈川県,横浜市
499,神奈川県,横浜市
500,神奈川県,横浜市
501,神奈川県,横浜市
502,神奈川県,横浜市
503,神奈川県,横浜市
504,神奈川県,横浜市
505,神奈川県,横浜市
506,神奈川県,横浜市
507,神奈川県,横浜市
508,神奈川県,横浜市
509,神奈川県,横浜市
510,神奈川県,横浜市
511,神奈川県,横浜市
512,神奈川県,横浜市
513,神奈川県,横浜市
514,神奈川県,横浜市
515,神奈川県,横浜市
516,神奈川県,横浜市
517,神奈川県,横浜市
518,神奈川県,横浜市
519,神奈川県,横浜市
520,神奈川県,横浜市
521,神奈川県,横浜市
522,神奈川県,横浜市
523,神奈川県,横浜市
524,神奈川県,横浜市
525,神奈川県,横浜市
526,神奈川県,横浜市
527,神奈川県,横浜市
528,神奈川県,横浜市
529,神奈川県,横浜市
530,神奈川県,横浜市
531,神奈川県,横浜市
532,神奈川県,横浜市
533,神奈川県,横浜市
534,神奈川県,横浜市
535,神奈川県,横浜市
536,神奈川県,横浜市
537,神奈川県,横浜市
538,神奈川県,横浜市
539,神奈川県,横浜市
540,神奈川県,横浜市
541,神奈川県,横浜市
542,神奈川県,横浜市
543,神奈川県,横浜市
544,神奈川県,横浜市
545,神奈川県,横浜市
546,神奈川県,横浜市
547,神奈川県,横浜市
548,神奈川県,横浜市
549,神奈川県,横浜市
550,神奈川県,横浜市
551,神奈川県,横浜市
552,神奈川県,横浜市
553,神奈川県,横浜市
554,神奈川県,横浜市
555,神奈川県,横浜市
556,神奈川県,横浜市
557,神奈川県,横浜市
558,神奈川県,横浜市
559,神奈川県,横浜市
560,神奈川県,横浜市
561,神奈川県,横浜市
562,神奈川県,横浜市
563,神奈川県,横浜市
564,神奈川県,横浜市
565,神奈川県,横浜市
566,神奈川県,横浜市
567,神奈川県,横浜市
568,神奈川県,横浜市
569,神奈川県,横浜市
570,神奈川県,横浜市
571,神奈川県,横浜市
572,神奈川県,横浜市
573,神奈川県,横浜市
574,神奈川県,横浜市
575,神奈川県,横浜市
576,神奈川県,横浜市
577,神奈川県,横浜市
578,神奈川県,横浜市
579,神奈川県,横浜市
580,神奈川県,横浜市
581,神奈川県,横浜市
582,神奈川県,横浜市
583,神奈川県,横浜市
584,神奈川県,横浜市
585,神奈川県,横浜市
586,神奈川県,横浜市
587,神奈川県,横浜市
588,神奈川県,横浜市
589,神奈川県,横浜市
590,神奈川県,横浜市
591,神奈川県,横浜市
592,神奈川県,横浜市
593,神奈川県,横浜市
594,神奈川県,横浜市
595,神奈川県,横浜市
596,神奈川県,横浜市
597,神奈川県,横浜市
598,神奈川県,横浜市
599,神奈川県,横浜市
600,神奈川県,横浜市
601,神奈川県,横浜市
602,神奈川県,横浜市
603,神奈川県,横浜市
604,神奈川県,横浜市
605,神奈川県,横浜市
606,神奈川県,横浜市
607,神奈川県,横浜市
608,神奈川県,横浜市
609,神奈川県,横浜市
610,神奈川県,横浜市
611,神奈川県,横浜市
612,神奈川県,横浜市
613,神奈川県,横浜市
614,神奈川県,横浜市
615,神奈川県,横浜市
616,神奈川県,横浜市
617,神奈川県,横浜市
618,神奈川県,横浜市
619,神奈川県,横浜市
620,神奈川県,横浜市
621,神奈川県,横浜市
622,神奈川県,横浜市
623,神奈川県,横浜市
624,神奈川県,横浜市
625,神奈川県,横浜市
626,神奈川県,横浜市
627,神奈川県,横浜市
628,神奈川県,横浜市
629,神奈川県,横浜市
630,神奈川県,横浜市
631,神奈川県,横浜市
632,神奈川県,横浜市
633,神奈川県,横浜市
634,神奈川県,横浜市
635,神奈川県,横浜市
636,神奈川県,横浜市
637,神奈川県,横浜市
638,神奈川県,横浜市
639,神奈川県,横浜市
640,神奈川県,横浜市
641,神奈川県,横浜市
642,神奈川県,横浜市
643,神奈川県,横浜市
644,神奈川県,横浜市
645,神奈川県,横浜市
646,神奈川県,横浜市
647,神奈川県,横浜市
648,神奈川県,横浜市
649,神奈川県,横浜市
650,神奈川県,横浜市
651,神奈川県,横浜市
652,神奈川県,横浜市
653,神奈川県,横浜市
654,神奈川県,横浜市
655,神奈川県,横浜市
656,神奈川県,横浜市
657,神奈川県,横浜市
658,神奈川県,横浜市
659,神奈川県,横浜市
660,神奈川県,横浜市
661,神奈川県,横浜市
662,神奈川県,横浜市
663,神奈川県,横浜市
664,神奈川県,横浜市
665,神奈川県,横浜市
666,神奈川県,横浜市
667,神奈川県,横浜市
668,神奈川県,横浜市
669,神奈川県,横浜市
670,神奈川県,横浜市
671,神奈川県,横浜市
672,神奈川県,横浜市
673,神奈川県,横浜市
674,神奈川県,横浜市
675,神奈川県,横浜市
676,神奈川県,横浜市
677,神奈川県,横浜市
678,神奈川県,横浜市
679,神奈川県,横浜市
680,神奈川県,横浜市
681,神奈川県,横浜市
682,神奈川県,横浜市
683,神奈川県,横浜市
684,神奈川県,横浜市
685,神奈川県,横浜市
686,神奈川県,横浜市
687,神奈川県,横浜市
688,神奈川県,横浜市
689,神奈川県,横浜市
690,神奈川県,横浜市
691,神奈川県,横浜市
692,神奈川県,横浜市
693,神奈川県,横浜市
694,神奈川県,横浜市
695,神奈川県,横浜市
696,神奈川県,横浜市
697,神奈川県,横浜市
698,神奈川県,横浜市
699,神奈川県,横浜市
700,神奈川県,横浜市
701,神奈川県,横浜市
702,神奈川県,横浜市
703,神奈川県,横浜市
704,神奈川県,横浜市
705,神奈川県,横浜市
706,神奈川県,横浜市
707,神奈川県,横浜市
708,神奈川県,横浜市
709,神奈川県,横浜市
710,神奈川県,横浜市
711,神奈川県,横浜市
712,神奈川県,横浜市
713,神奈川県,横浜市
714,神奈川県,横浜市
715,神奈川県,横浜市
716,神奈川県,横浜市
717,神奈川県,横浜市
718,神奈川県,横浜市
719,神奈川県,横浜市
720,神奈川県,横浜市
721,神奈川県,横浜市
722,神奈川県,横浜市
723,神奈川県,横浜市
724,神奈川県,横浜市
725,神奈川県,横浜市
726,神奈川県,横浜市
727,神奈川県,横浜市
728,神奈川県,横浜市
729,神奈川県,横浜市
730,神奈川県,横浜市
731,神奈川県,横浜市
732,神奈川県,横浜市
733,神奈川県,横浜市
734,神奈川県,横浜市
735,神奈川県,横浜市
736,神奈川県,横浜市
737,神奈川県,横浜市
738,神奈川県,横浜市
739,神奈川県,横浜市
740,神奈川県,横浜市
741,神奈川県,横浜市
742,神奈川県,横浜市
743,神奈川県,横浜市
744,神奈川県,横浜市
745,神奈川県,横浜市
746,神奈川県,横浜市
747,神奈川県,横浜市
748,神奈川県,横浜市
749,神奈川県,横浜市
750,神奈川県,横浜市
751,神奈川県,横浜市
752,神奈川県,横浜市
753,神奈川県,横浜市
754,神奈川県,横浜市
755,神奈川県,横浜市
756,神奈川県,横浜市
757,神奈川県,横浜市
758,神奈川県,横浜市
759,神奈川県,横浜市
760,神奈川県,横浜市
761,神奈川県,横浜市
762,神奈川県,横浜市
763,神奈川県,横浜市
764,神奈川県,横浜市
765,神奈川県,横浜市
766,神奈川県,横浜市
767,神奈川県,横浜市
768,神奈川県,横浜市
769,神奈川県,横浜市
770,神奈川県,横浜市
771,神奈川県,横浜市
772,神奈川県,横浜市
773,神奈川県,横浜市
774,神奈川県,横浜市
775,神奈川県,横浜市
776,神奈川県,横浜市
777,神奈川県,横浜市
778,神奈川県,横浜市
779,神奈川県,横浜市
780,神奈川県,横浜市
781,神奈川県,横浜市
782,神奈川県,横浜市
783,神奈川県,横浜市
784,神奈川県,横浜市
785,神奈川県,横浜市
786,神奈川県,横浜市
787,神奈川県,横浜市
788,神奈川県,横浜市
789,神奈川県,横浜市
790,神奈川県,横浜市
791,神奈川県,横浜市
792,神奈川県,横浜市
793,神奈川県,横浜市
794,神奈川県,横浜市
795,神奈川県,横浜市
796,神奈川県,横浜市
797,神奈川県,横浜市
798,神奈川県,横浜市
799,神奈川県,横浜市
800,神奈川県,横浜市
801,神奈川県,横浜市
802,神奈川県,横浜市
803,神奈川県,横浜市
804,神奈川県,横浜市
805,神奈川県,横浜市
806,神奈川県,横浜市
807,神奈川県,横浜市
808,神奈川県,横浜市
809,神奈川県,横浜市
810,神奈川県,横浜市
811,神奈川県,横浜市
812,神奈川県,横浜市
813,神奈川県,横浜市
814,神奈川県,横浜市
815,神奈川県,横浜市
816,神奈川県,横浜市
817,神奈川県,横浜市
818,神奈川県,横浜市
819,神奈川県,横浜市
820,神奈川県,横浜市
821,神奈川県,横浜市
822,神奈川県,横浜市
823,神奈川県,横浜市
824,神奈川県,横浜市
825,神奈川県,横浜市
826,神奈川県,横浜市
827,神奈川県,横浜市
828,神奈川県,横浜市
829,神奈川県,横浜市
830,神奈川県,横浜市
831,神奈川県,横浜市
832,神奈川県,横浜市
833,神奈川県,横浜市
834,神奈川県,横浜市
835,神奈川県,横浜市
836,神奈川県,横浜市
837,神奈川県,横浜市
838,神奈川県,横浜市
839,神奈川県,横浜市
840,神奈川県,横浜市
841,神奈川県,横浜市
842,神奈川県,横浜市
843,神奈川県,横浜市
844,神奈川県,横浜市
845,神奈川県,横浜市
846,神奈川県,横浜市
847,神奈川県,横浜市
848,神奈川県,横浜市
849,神奈川県,横浜市
850,神奈川県,横浜市
851,神奈川県,横浜市
852,神奈川県,横浜市
853,神奈川県,横浜市
854,神奈川県,横浜市
855,神奈川県,横浜市
856,神奈川県,横浜市
857,神奈川県,横浜市
858,神奈川県,横浜市
859,神奈川県,横浜市
860,神奈川県,横浜市
861,神奈川県,横浜市
862,神奈川県,横浜市
863,神奈川県,横浜市
864,神奈川県,横浜市
865,神奈川県,横浜市
866,神奈川県,横浜市
867,神奈川県,横浜市
868,神奈川県,横浜市
869,神奈川県,横浜市
870,神奈川県,横浜市
871,神奈川県,横浜市
872,神奈川県,横浜市
873,神奈川県,横浜市
874,神奈川県,横浜市
875,神奈川県,横浜市
876,神奈川県,横浜市
877,神奈川県,横浜市
878,神奈川県,横浜市
879,神奈川県,横浜市
880,神奈川県,横浜市
881,神奈川県,横浜市
882,神奈川県,横浜市
883,神奈川県,横浜市
884,神奈川県,横浜市
885,神奈川県,横浜市
886,神奈川県,横浜市
887,神奈川県,横浜市
888,神奈川県,横浜市
889,神奈川県,横浜市
890,神奈川県,横浜市
891,神奈川県,横浜市
892,神奈川県,横浜市
893,神奈川県,横浜市
894,神奈川県,横浜市
895,神奈川県,横浜市
896,神奈川県,横浜市
897,神奈川県,横浜市
898,神奈川県,横浜市
899,神奈川県,横浜市
900,神奈川県,横浜市
901,神奈川県,横浜市
902,神奈川県,横浜市
903,神奈川県,横浜市
904,神奈川県,横浜市
905,神奈川県,横浜市
906,神奈川県,横浜市
907,神奈川県,横浜市
908,神奈川県,横浜市
909,神奈川県,横浜市
910,神奈川県,横浜市
911,神奈川県,横浜市
912,神奈川県,横浜市
913,神奈川県,横浜市
914,神奈川県,横浜市
915,神奈川県,横浜市
916,神奈川県,横浜市
917,神奈川県,横浜市
918,神奈川県,横浜市
919,神奈川県,横浜市
920,神奈川県,横浜市
921,神奈川県,横浜市
922,神奈川県,横浜市
923,神奈川県,横浜市
924,神奈川県,横浜市
925,神奈川県,横浜市
926,神奈川県,横浜市
927,神奈川県,横浜市
928,神奈川県,横浜市
929,神奈川県,横浜市
930,神奈川県,横浜市
931,神奈川県,横浜市
932,神奈川県,横浜市
933,神奈川県,横浜市
934,神奈川県,横浜市
935,神奈川県,横浜市
936,神奈川県,横浜市
937,神奈川県,横浜市
938,神奈川県,横浜市
939,神奈川県,横浜市
940,神奈川県,横浜市
941,神奈川県,横浜市
942,神奈川県,横浜市
943,神奈川県,横浜市
944,神奈川県,横浜市
945,神奈川県,横浜市
946,神奈川県,横浜市
947,神奈川県,横浜市
948,神奈川県,横浜市
949,神奈川県,横浜市
950,神奈川県,横浜市
951,神奈川県,横浜市
952,神奈川県,横浜市
953,神奈川県,横浜市
954,神奈川県,横浜市
955,神奈川県,横浜市
956,神奈川県,横浜市
957,神奈川県,横浜市
958,神奈川県,横浜市
959,神奈川県,横浜市
960,神奈川県,横浜市
961,神奈川県,横浜市
962,神奈川県,横浜市
963,神奈川県,横浜市
964,神奈川県,横浜市
965,神奈川県,横浜市
966,神奈川県,横浜市
967,神奈川県,横浜市
968,神奈川県,横浜市
969,神奈川県,横浜市
970,神奈川県,横浜市
971,神奈川県,横浜市
972,神奈川県,横浜市
973,神奈川県,横浜市
974,神奈川県,横浜市
975,神奈川県,横浜市
976,神奈川県,横浜市
977,神奈川県,横浜市
978,神奈川県,横浜市
979,神奈川県,横浜市
980,神奈川県,横浜市
981,神奈川県,横浜市
982,神奈川県,横浜市
983,神奈川県,横浜市
984,神奈川県,横浜市
985,神奈川県,横浜市
986,神奈川県,横浜市
987,神奈川県,横浜市
988,神奈川県,横浜市
989,神奈川県,横浜市
990,神奈川県,横浜市
991,神奈川県,横浜市
992,神奈川県,横浜市
993,神奈川県,横浜市
994,神奈川県,横浜市
995,神奈川県,横浜市
996,神奈川県,横浜市
997,神奈川県,横浜市
998,神奈川県,横浜市
999,神奈川県,横浜市
1000,神奈川県,横浜市
1001,神奈川県,横浜市
1002,神奈川県,横浜市
1003,神奈川県,横浜市
1004,神奈川県,横浜市
1005,神奈川県,横浜市
1006,神奈川県,横浜市
1007,神奈川県,横浜市
1008,神奈川県,横浜市
1009,神奈川県,横浜市
1010,神奈川県,横浜市
1011,神奈川県,横浜市
1012,神奈川県,横浜市
1013,神奈川県,横浜市
1014,神奈川県,横浜市
1015,神奈川県,横浜市
1016,神奈川県,横浜市
1017,神奈川県,横浜市
1018,神奈川県,横浜市
1019,神奈川県,横浜市
1020,神奈川県,横浜市
1021,神奈川県,横浜市
1022,神奈川県,横浜市
1023,神奈川県,横浜市
1024,神奈川県,横浜市
1025,神奈川県,横浜市
1026,神奈川県,横浜市
1027,神奈川県,横浜市
1028,神奈川県,横浜市
1029,神奈川県,横浜市
1030,神奈川県,横浜市
1031,神奈川県,横浜市
1032,神奈川県,横浜市
1033,神奈川県,横浜市
1034,神奈川県,横浜市
1035,神奈川県,横浜市
1036,神奈川県,横浜市
1037,神奈川県,横浜市
1038,神奈川県,横浜市
1039,神奈川県,横浜市
1040,神奈川県,横浜市
1041,神奈川県,横浜市
1042,神奈川県,横浜市
1043,神奈川県,横浜市
1044,神奈川県,横浜市
1045,神奈川県,横浜市
1046,神奈川県,横浜市
1047,神奈川県,横浜市
1048,神奈川県,横浜市
1049,神奈川県,横浜市
1050,神奈川県,横浜市
1051,神奈川県,横浜市
1052,神奈川県,横浜市
1053,神奈川県,横浜市
1054,神奈川県,横浜市
1055,神奈川県,横浜市
1056,神奈川県,横浜市
1057,神奈川県,横浜市
1058,神奈川県,横浜市
1059,神奈川県,横浜市
1060,神奈川県,横浜市
1061,神奈川県,横浜市
1062,神奈川県,横浜市
1063,神奈川県,横浜市
1064,神奈川県,横浜市
1065,神奈川県,横浜市
1066,神奈川県,横浜市
1067,神奈川県,横浜市
1068,神奈川県,横浜市
1069,神奈川県,横浜市
1070,神奈川県,横浜市
1071,神奈川県,横浜市
1072,神奈川県,横浜市
1073,神奈川県,横浜市
1074,神奈川県,横浜市
1075,神奈川県,横浜市
1076,神奈川県,横浜市
1077,神奈川県,横浜市
1078,神奈川県,横浜市
1079,神奈川県,横浜市
1080,神奈川県,横浜市
1081,神奈川県,横浜市
1082,神奈川県,横浜市
1083,神奈川県,横浜市
1084,神奈川県,横浜市
1085,神奈川県,横浜市
1086,神奈川県,横浜市
1087,神奈川県,横浜市
1088,神奈川県,横浜市
1089,神奈川県,横浜市
1090,神奈川県,横浜市
1091,神奈川県,横浜市
1092,神奈川県,横浜市
1093,神奈川県,横浜市
1094,神奈川県,横浜市
1095,神奈川県,横浜市
1096,神奈川県,横浜市
1097,神奈川県,横浜市
1098,神奈川県,横浜市
1099,神奈川県,横浜市
1100,神奈川県,横浜市
1101,神奈川県,横浜市
1102,神奈川県,横浜市
1103,神奈川県,横浜市
1104,神奈川県,横浜市
1105,神奈川県,横浜市
1106,神奈川県,横浜市
1107,神奈川県,横浜市
1108,神奈川県,横浜市
1109,神奈川県,横浜市
1110,神奈川県,横浜市
1111,神奈川県,横浜市
1112,神奈川県,横浜市
1113,神奈川県,横浜市
1114,神奈川県,横浜市
1115,神奈川県,横浜市
1116,神奈川県,横浜市
1117,神奈川県,横浜市
1118,神奈川県,横浜市
1119,神奈川県,横浜市
1120,神奈川県,横浜市
1121,神奈川県,横浜市
1122,神奈川県,横浜市
1123,神奈川県,横浜市
1124,神奈川県,横浜市
1125,神奈川県,横浜市
1126,神奈川県,横浜市
1127,神奈川県,横浜市
1128,神奈川県,横浜市
1129,神奈川県,横浜市
1130,神奈川県,横浜市
1131,神奈川県,横浜市
1132,神奈川県,横浜市
1133,神奈川県,横浜市
1134,神奈川県,横浜市
1135,神奈川県,横浜市
1136,神奈川県,横浜市
1137,神奈川県,横浜市
1138,神奈川県,横浜市
1139,神奈川県,横浜市
1140,神奈川県,横浜市
1141,神奈川県,横浜市
1142,神奈川県,横浜市
1143,神奈川県,横浜市
1144,神奈川県,横浜市
1145,神奈川県,横浜市
1146,神奈川県,横浜市
1147,神奈川県,横浜市
1148,神奈川県,横浜市
1149,神奈川県,横浜市
1150,神奈川県,横浜市
1151,神奈川県,横浜市
1152,神奈川県,横浜市
1153,神奈川県,横浜市
1154,神奈川県,横浜市
1155,神奈川県,横浜市
1156,神奈川県,横浜市
1157,神奈川県,横浜市
1158,神奈川県,横浜市
1159,神奈川県,横浜市
1160,神奈川県,横浜市
1161,神奈川県,横浜市
1162,神奈川県,横浜市
1163,神奈川県,横浜市
1164,神奈川県,横浜市
1165,神奈川県,横浜市
1166,神奈川県,横浜市
1167,神奈川県,横浜市
1168,神奈川県,横浜市
1169,神奈川県,横浜市
1170,神奈川県,横浜市
1171,神奈川県,横浜市
1172,神奈川県,横浜市
1173,神奈川県,横浜市
1174,神奈川県,横浜市
1175,神奈川県,横浜市
1176,神奈川県,横浜市
1177,神奈川県,横浜市
1178,神奈川県,横浜市
1179,神奈川県,横浜市
1180,神奈川県,横浜市
1181,神奈川県,横浜市
1182,神奈川県,横浜市
1183,神奈川県,横浜市
1184,神奈川県,横浜市
1185,神奈川県,横浜市
1186,神奈川県,横浜市
1187,神奈川県,横浜市
1188,神奈川県,横浜市
1189,神奈川県,横浜市
1190,神奈川県,横浜市
1191,神奈川県,横浜市
1192,神奈川県,横浜市
1193,神奈川県,横浜市
1194,神奈川県,横浜市
1195,神奈川県,横浜市
1196,神奈川県,横浜市
1197,神奈川県,横浜市
1198,神奈川県,横浜市
1199,神奈川県,横浜市
1200,神奈川県,横浜市
1201,神奈川県,横浜市
1202,神奈川県,横浜市
1203,神奈川県,横浜市
1204,神奈川県,横浜市
1205,神奈川県,横浜市
1206,神奈川県,横浜市
1207,神奈川県,横浜市
1208,神奈川県,横浜市
1209,神奈川県,横浜市
1210,神奈川県,横浜市
1211,神奈川県,横浜市
1212,神奈川県,横浜市
1213,神奈川県,横浜市
1214,神奈川県,横浜市
1215,神奈川県,横浜市
1216,神奈川県,横浜市
1217,神奈川県,横浜市
1218,神奈川県,横浜市
1219,神奈川県,横浜市
1220,神奈川県,横浜市
1221,神奈川県,横浜市
1222,神奈川県,横浜市
1223,神奈川県,横浜市
1224,神奈川県,横浜市
1225,神奈川県,横浜市
1226,神奈川県,横浜市
1227,神奈川県,横浜市
1228,神奈川県,横浜市
1229,神奈川県,横浜市
1230,神奈川県,横浜市
1231,神奈川県,横浜市
1232,神奈川県,横浜市
1233,神奈川県,横浜市
1234,神奈川県,横浜市
1235,神奈川県,横浜市
1236,神奈川県,横浜市
1237,神奈川県,横浜市
1238,神奈川県,横浜市
1239,神奈川県,横浜市
1240,神奈川県,横浜市
1241,神奈川県,横浜市
1242,神奈川県,横浜市
1243,神奈川県,横浜市
1244,神奈川県,横浜市
1245,神奈川県,横浜市
1246,神奈川県,横浜市
1247,神奈川県,横浜市
1248,神奈川県,横浜市
1249,神奈川県,横浜市
1250,神奈川県,横浜市
1251,神奈川県,横浜市
1252,神奈川県,横浜市
1253,神奈川県,横浜市
1254,神奈川県,横浜市
1255,神奈川県,横浜市
1256,神奈川県,横浜市
1257,神奈川県,横浜市
1258,神奈川県,横浜市
1259,神奈川県,横浜市
1260,神奈川県,横浜市
1261,神奈川県,横浜市
1262,神奈川県,横浜市
1263,神奈川県,横浜市
1264,神奈川県,横浜市
1265,神奈川県,横浜市
1266,神奈川県,横浜市
1267,神奈川県,横浜市
1268,神奈川県,横浜市
1269,神奈川県,横浜市
1270,神奈川県,横浜市
1271,神奈川県,横浜市
1272,神奈川県,横浜市
1273,神奈川県,横浜市
1274,神奈川県,横浜市
1275,神奈川県,横浜市
1276,神奈川県,横浜市
1277,神奈川県,横浜市
1278,神奈川県,横浜市
1279,神奈川県,横浜市
1280,神奈川県,横浜市
1281,神奈川県,横浜市
1282,神奈川県,横浜市
1283,神奈川県,横浜市
1284,神奈川県,横浜市
1285,神奈川県,横浜市
1286,神奈川県,横浜市
1287,神奈川県,横浜市
1288,神奈川県,横浜市
1289,神奈川県,横浜市
1290,神奈川県,横浜市
1291,神奈川県,横浜市
1292,神奈川県,横浜市
1293,神奈川県,横浜市
1294,神奈川県,横浜市
1295,神奈川県,横浜市
1296,神奈川県,横浜市
1297,神奈川県,横浜市
1298,神奈川県,横浜市
1299,神奈川県,横浜市
1300,神奈川県,横浜市
1301,神奈川県,横浜市
1302,神奈川県,横浜市
1303,神奈川県,横浜市
1304,神奈川県,横浜市
1305,神奈川県,横浜市
1306,神奈川県,横浜市
1307,神奈川県,横浜市
1308,神奈川県,横浜市
1309,神奈川県,横浜市
1310,神奈川県,横浜市
1311,神奈川県,横浜市
1312,神奈川県,横浜市
1313,神奈川県,横浜市
1314,神奈川県,横浜市
1315,神奈川県,横浜市
1316,神奈川県,横浜市
1317,神奈川県,横浜市
1318,神奈川県,横浜市
1319,神奈川県,横浜市
1320,神奈川県,横浜市
1321,神奈川県,横浜市
1322,神奈川県,横浜市
1323,神奈川県,横浜市
1324,神奈川県,横浜市
1325,神奈川県,横浜市
1326,神奈川県,横浜市
1327,神奈川県,横浜市
1328,神奈川県,横浜市
1329,神奈川県,横浜市
1330,神奈川県,横浜市
1331,神奈川県,横浜市
1332,神奈川県,横浜市
1333,神奈川県,横浜市
1334,神奈川県,横浜市
1335,神奈川県,横浜市
1336,神奈川県,横浜市
1337,神奈川県,横浜市
1338,神奈川県,横浜市
1339,神奈川県,横浜市
1340,神奈川県,横浜市
1341,神奈川県,横浜市
1342,神奈川県,横浜市
1343,神奈川県,横浜市
1344,神奈川県,横浜市
1345,神奈川県,横浜市
1346,神奈川県,横浜市
1347,神奈川県,横浜市
1348,神奈川県,横浜市
1349,神奈川県,横浜市
1350,神奈川県,横浜市
1351,神奈川県,横浜市
1352,神奈川県,横浜市
1353,神奈川県,横浜市
1354,神奈川県,横浜市
1355,神奈川県,横浜市
1356,神奈川県,横浜市
1357,神奈川県,横浜市
1358,神奈川県,横浜市
1359,神奈川県,横浜市
1360,神奈川県,横浜市
1361,神奈川県,横浜市
1362,神奈川県,横浜市
1363,神奈川県,横浜市
1364,神奈川県,横浜市
1365,神奈川県,横浜市
1366,神奈川県,横浜市
1367,神奈川県,横浜市
1368,神奈川県,横浜市
1369,神奈川県,横浜市
1370,神奈川県,横浜市
1371,神奈川県,横浜市
1372,神奈川県,横浜市
1373,神奈川県,横浜市
1374,神奈川県,横浜市
1375,神奈川県,横浜市
1376,神奈川県,横浜市
1377,神奈川県,横浜市
1378,神奈川県,横浜市
1379,神奈川県,横浜市
1380,神奈川県,横浜市
1381,神奈川県,横浜市
1382,神奈川県,横浜市
1383,神奈川県,横浜市
1384,神奈川県,横浜市
1385,神奈川県,横浜市
1386,神奈川県,横浜市
1387,神奈川県,横浜市
1388,神奈川県,横浜市
1389,神奈川県,横浜市
1390,神奈川県,横浜市
1391,神奈川県,横浜市
1392,神奈川県,横浜市
1393,神奈川県,横浜市
1394,神奈川県,横浜市
1395,神奈川県,横浜市
1396,神奈川県,横浜市
1397,神奈川県,横浜市
1398,神奈川県,横浜市
1399,神奈川県,横浜市
1400,神奈川県,横浜市
1401,神奈川県,横浜市
1402,神奈川県,横浜市
1403,神奈川県,横浜市
1404,神奈川県,横浜市
1405,神奈川県,横浜市
1406,神奈川県,横浜市
1407,神奈川県,横浜市
1408,神奈川県,横浜市
1409,神奈川県,横浜市
1410,神奈川県,横浜市
1411,神奈川県,横浜市
1412,神奈川県,横浜市
1413,神奈川県,横浜市
1414,神奈川県,横浜市
1415,神奈川県,横浜市
1416,神奈川県,横浜市
1417,神奈川県,横浜市
1418,神奈川県,横浜市
1419,神奈川県,横浜市
1420,神奈川県,横浜市
1421,神奈川県,横浜市
1422,神奈川県,横浜市
1423,神奈川県,横浜市
1424,神奈川県,横浜市
1425,神奈川県,横浜市
1426,神奈川県,横浜市
1427,神奈川県,横浜市
1428,神奈川県,横浜市
1429,神奈川県,横浜市
1430,神奈川県,横浜市
1431,神奈川県,横浜市
1432,神奈川県,横浜市
1433,神奈川県,横浜市
1434,神奈川県,横浜市
1435,神奈川県,横浜市
1436,神奈川県,横浜市
1437,神奈川県,横浜市
1438,神奈川県,横浜市
1439,神奈川県,横浜市
1440,神奈川県,横浜市
1441,神奈川県,横浜市
1442,神奈川県,横浜市
1443,神奈川県,横浜市
1444,神奈川県,横浜市
1445,神奈川県,横浜市
1446,神奈川県,横浜市
1447,神奈川県,横浜市
1448,神奈川県,横浜市
1449,神奈川県,横浜市
1450,神奈川県,横浜市
1451,神奈川県,横浜市
1452,神奈川県,横浜市
1453,神奈川県,横浜市
1454,神奈川県,横浜市
1455,神奈川県,横浜市
1456,神奈川県,横浜市
1457,神奈川県,横浜市
1458,神奈川県,横浜市
1459,神奈川県,横浜市
1460,神奈川県,横浜市
1461,神奈川県,横浜市
1462,神奈川県,横浜市
1463,神奈川県,横浜市
1464,神奈川県,横浜市
1465,神奈川県,横浜市
1466,神奈川県,横浜市
1467,神奈川県,横浜市
1468,神奈川県,横浜市
1469,神奈川県,横浜市
1470,神奈川県,横浜市
1471,神奈川県,横浜市
1472,神奈川県,横浜市
1473,神奈川県,横浜市
1474,神奈川県,横浜市
1475,神奈川県,横浜市
1476,神奈川県,横浜市
1477,神奈川県,横浜市
1478,神奈川県,横浜市
1479,神奈川県,横浜市
1480,神奈川県,横浜市
1481,神奈川県,横浜市
1482,神奈川県,横浜市
1483,神奈川県,横浜市
1484,神奈川県,横浜市
1485,神奈川県,横浜市
1486,神奈川県,横浜市
1487,神奈川県,横浜市
1488,神奈川県,横浜市
1489,神奈川県,横浜市
1490,神奈川県,横浜市
1491,神奈川県,横浜市
1492,神奈川県,横浜市
1493,神奈川県,横浜市
1494,神奈川県,横浜市
1495,神奈川県,横浜市
1496,神奈川県,横浜市
1497,神奈川県,横浜市
1498,神奈川県,横浜市
1499,神奈川県,横浜市
1500,神奈川県,横浜市
1501,神奈川県,横浜市
1502,神奈川県,横浜市
1503,神奈川県,横浜市
1504,神奈川県,横浜市
1505,神奈川県,横浜市
1506,神奈川県,横浜市
1507,神奈川県,横浜市
1508,神奈川県,横浜市
1509,神奈川県,横浜市
1510,神奈川県,横浜市
1511,神奈川県,横浜市
1512,神奈川県,横浜市
1513,神奈川県,横浜市
1514,神奈川県,横浜市
1515,神奈川県,横浜市
1516,神奈川県,横浜市
1517,神奈川県,横浜市
1518,神奈川県,横浜市
1519,神奈川県,横浜市
1520,神奈川県,横浜市
1521,神奈川県,横浜市
1522,神奈川県,横浜市
1523,神奈川県,横浜市
1524,神奈川県,横浜市
1525,神奈川県,横浜市
1526,神奈川県,横浜市
1527,神奈川県,横浜市
1528,神奈川県,横浜市
1529,神奈川県,横浜市
1530,神奈川県,横浜市
1531,神奈川県,横浜市
1532,神奈川県,横浜市
1533,神奈川県,横浜市
1534,神奈川県,横浜市
1535,神奈川県,横浜市
1536,神奈川県,横浜市
1537,神奈川県,横浜市
1538,神奈川県,横浜市
1539,神奈川県,横浜市
1540,神奈川県,横浜市
1541,神奈川県,横浜市
1542,神奈川県,横浜市
1543,神奈川県,横浜市
1544,神奈川県,横浜市
1545,神奈川県,横浜市
1546,神奈川県,横浜市
1547,神奈川県,横浜市
1548,神奈川県,横浜市
1549,神奈川県,横浜市
1550,神奈川県,横浜市
1551,神奈川県,横浜市
1552,神奈川県,横浜市
1553,神奈川県,横浜市
1554,神奈川県,横浜市
1555,神奈川県,横浜市
1556,神奈川県,横浜市
1557,神奈川県,横浜市
1558,神奈川県,横浜市
1559,神奈川県,横浜市
1560,神奈川県,横浜市
1561,神奈川県,横浜市
1562,神奈川県,横浜市
1563,神奈川県,横浜市
1564,神奈川県,横浜市
1565,神奈川県,横浜市
1566,神奈川県,横浜市
1567,神奈川県,横浜市
1568,神奈川県,横浜市
1569,神奈川県,横浜市
1570,神奈川県,横浜市
1571,神奈川県,横浜市
1572,神奈川県,横浜市
1573,神奈川県,横浜市
1574,神奈川県,横浜市
1575,神奈川県,横浜市
1576,神奈川県,横浜市
1577,神奈川県,横浜市
1578,神奈川県,横浜市
1579,神奈川県,横浜市
1580,神奈川県,横浜市
1581,神奈川県,横浜市
1582,神奈川県,横浜市
1583,神奈川県,横浜市
1584,神奈川県,横浜市
1585,神奈川県,横浜市
1586,神奈川県,横浜市
1587,神奈川県,横浜市
1588,神奈川県,横浜市
1589,神奈川県,横浜市
1590,神奈川県,横浜市
1591,神奈川県,横浜市
1592,神奈川県,横浜市
1593,神奈川県,横浜市
1594,神奈川県,横浜市
1595,神奈川県,横浜市
1596,神奈川県,横浜市
1597,神奈川県,横浜市
1598,神奈川県,横浜市
1599,神奈川県,横浜市
1600,神奈川県,横浜市
1601,神奈川県,横浜市
1602,神奈川県,横浜市
1603,神奈川県,横浜市
1604,神奈川県,横浜市
1605,神奈川県,横浜市
1606,神奈川県,横浜市
1607,神奈川県,横浜市
1608,神奈川県,横浜市
1609,神奈川県,横浜市
1610,神奈川県,横浜市
1611,神奈川県,横浜市
1612,神奈川県,横浜市
1613,神奈川県,横浜市
1614,神奈川県,横浜市
1615,神奈川県,横浜市
1616,神奈川県,横浜市
1617,神奈川県,横浜市
1618,神奈川県,横浜市
1619,神奈川県,横浜市
1620,神奈川県,横浜市
1621,神奈川県,横浜市
1622,神奈川県,横浜市
1623,神奈川県,横浜市
1624,神奈川県,横浜市
1625,神奈川県,横浜市
1626,神奈川県,横浜市
1627,神奈川県,横浜市
1628,神奈川県,横浜市
1629,神奈川県,横浜市
1630,神奈川県,横浜市
1631,神奈川県,横浜市
1632,神奈川県,横浜市
1633,神奈川県,横浜市
1634,神奈川県,横浜市
1635,神奈川県,横浜市
1636,神奈川県,横浜市
1637,神奈川県,横浜市
1638,神奈川県,横浜市
1639,神奈川県,横浜市
1640,神奈川県,横浜市
1641,神奈川県,横浜市
1642,神奈川県,横浜市
1643,神奈川県,横浜市
1644,神奈川県,横浜市
1645,神奈川県,横浜市
1646,神奈川県,横浜市
1647,神奈川県,横浜市
1648,神奈川県,横浜市
1649,神奈川県,横浜市
1650,神奈川県,横浜市
1651,神奈川県,横浜市
1652,神奈川県,横浜市
1653,神奈川県,横浜市
1654,神奈川県,横浜市
1655,神奈川県,横浜市
1656,神奈川県,横浜市
1657,神奈川県,横浜市
1658,神奈川県,横浜市
1659,神奈川県,横浜市
1660,神奈川県,横浜市
1661,神奈川県,横浜市
1662,神奈川県,横浜市
1663,神奈川県,横浜市
1664,神奈川県,横浜市
1665,神奈川県,横浜市
1666,神奈川県,横浜市
1667,神奈川県,横浜市
1668,神奈川県,横浜市
1669,神奈川県,横浜市
1670,神奈川県,横浜市
1671,神奈川県,横浜市
1672,神奈川県,横浜市
1673,神奈川県,横浜市
1674,神奈川県,横浜市
1675,神奈川県,横浜市
1676,神奈川県,横浜市
1677,神奈川県,横浜市
1678,神奈川県,横浜市
1679,神奈川県,横浜市
1680,神奈川県,横浜市
1681,神奈川県,横浜市
1682,神奈川県,横浜市
1683,神奈川県,横浜市
1684,神奈川県,横浜市
1685,神奈川県,横浜市
1686,神奈川県,横浜市
1687,神奈川県,横浜市
1688,神奈川県,横浜市
1689,神奈川県,横浜市
1690,神奈川県,横浜市
1691,神奈川県,横浜市
1692,神奈川県,横浜市
1693,神奈川県,横浜市
1694,神奈川県,横浜市
1695,神奈川県,横浜市
1696,神奈川県,横浜市
1697,神奈川県,横浜市
1698,神奈川県,横浜市
1699,神奈川県,横浜市
1700,神奈川県,横浜市
1701,神奈川県,横浜市
1702,神奈川県,横浜市
1703,神奈川県,横浜市
1704,神奈川県,横浜市
1705,神奈川県,横浜市
1706,神奈川県,横浜市
1707,神奈川県,横浜市
1708,神奈川県,横浜市
1709,神奈川県,横浜市
1710,神奈川県,横浜市
1711,神奈川県,横浜市
1712,神奈川県,横浜市
1713,神奈川県,横浜市
1714,神奈川県,横浜市
1715,神奈川県,横浜市
1716,神奈川県,横浜市
1717,神奈川県,横浜市
1718,神奈川県,横浜市
1719,神奈川県,横浜市
1720,神奈川県,横浜市
1721,神奈川県,横浜市
1722,神奈川県,横浜市
1723,神奈川県,横浜市
1724,神奈川県,横浜市
1725,神奈川県,横浜市
1726,神奈川県,横浜市
1727,神奈川県,横浜市
1728,神奈川県,横浜市
1729,神奈川県,横浜市
1730,神奈川県,横浜市
1731,神奈川県,横浜市
1732,神奈川県,横浜市
1733,神奈川県,横浜市
1734,神奈川県,横浜市
1735,神奈川県,横浜市
1736,神奈川県,横浜市
1737,神奈川県,横浜市
1738,神奈川県,横浜市
1739,神奈川県,横浜市
1740,神奈川県,横浜市
1741,神奈川県,横浜市
1742,神奈川県,横浜市
1743,神奈川県,横浜市
1744,神奈川県,横浜市
1745,神奈川県,横浜市
1746,神奈川県,横浜市
1747,神奈川県,横浜市
1748,神奈川県,横浜市
1749,神奈川県,横浜市
1750,神奈川県,横浜市
1751,神奈川県,横浜市
1752,神奈川県,横浜市
1753,神奈川県,横浜市
1754,神奈川県,横浜市
1755,神奈川県,横浜市
1756,神奈川県,横浜市
1757,神奈川県,横浜市
1758,神奈川県,横浜市
1759,神奈川県,横浜市
1760,神奈川県,横浜市
1761,神奈川県,横浜市
1762,神奈川県,横浜市
1763,神奈川県,横浜市
1764,神奈川県,横浜市
1765,神奈川県,横浜市
1766,神奈川県,横浜市
1767,神奈川県,横浜市
1768,神奈川県,横浜市
1769,神奈川県,横浜市
1770,神奈川県,横浜市
1771,神奈川県,横浜市
1772,神奈川県,横浜市
1773,神奈川県,横浜市
1774,神奈川県,横浜市
1775,神奈川県,横浜市
1776,神奈川県,横浜市
1777,神奈川県,横浜市
1778,神奈川県,横浜市
1779,神奈川県,横浜市
1780,神奈川県,横浜市
1781,神奈川県,横浜市
1782,神奈川県,横浜市
1783,神奈川県,横浜市
1784,神奈川県,横浜市
1785,神奈川県,横浜市
1786,神奈川県,横浜市
1787,神奈川県,横浜市
1788,神奈川県,横浜市
1789,神奈川県,横浜市
1790,神奈川県,横浜市
1791,神奈川県,横浜市
1792,神奈川県,横浜市
1793,神奈川県,横浜市
1794,神奈川県,横浜市
1795,神奈川県,横浜市
1796,神奈川県,横浜市
1797,神奈川県,横浜市
1798,神奈川県,横浜市
1799,神奈川県,横浜市
1800,神奈川県,横浜市
1801,神奈川県,横浜市
1802,神奈川県,横浜市
1803,神奈川県,横浜市
1804,神奈川県,横浜市
1805,神奈川県,横浜市
1806,神奈川県,横浜市
1807,神奈川県,横浜市
1808,神奈川県,横浜市
1809,神奈川県,横浜市
1810,神奈川県,横浜市
1811,神奈川県,横浜市
1812,神奈川県,横浜市
1813,神奈川県,横浜市
1814,神奈川県,横浜市
1815,神奈川県,横浜市
1816,神奈川県,横浜市
1817,神奈川県,横浜市
1818,神奈川県,横浜市
1819,神奈川県,横浜市
1820,神奈川県,横浜市
1821,神奈川県,横浜市
1822,神奈川県,横浜市
1823,神奈川県,横浜市
1824,神奈川県,横浜市
1825,神奈川県,横浜市
1826,神奈川県,横浜市
1827,神奈川県,横浜市
1828,神奈川県,横浜市
1829,神奈川県,横浜市
1830,神奈川県,横浜市
1831,神奈川県,横浜市
1832,神奈川県,横浜市
1833,神奈川県,横浜市
1834,神奈川県,横浜市
1835,神奈川県,横浜市
1836,神奈川県,横浜市
1837,神奈川県,横浜市
1838,神奈川県,横浜市
1839,神奈川県,横浜市
1840,神奈川県,横浜市
1841,神奈川県,横浜市
1842,神奈川県,横浜市
1843,神奈川県,横浜市
1844,神奈川県,横浜市
1845,神奈川県,横浜市
1846,神奈川県,横浜市
1847,神奈川県,横浜市
1848,神奈川県,横浜市
1849,神奈川県,横浜市
1850,神奈川県,横浜市
1851,神奈川県,横浜市
1852,神奈川県,横浜市
1853,神奈川県,横浜市
1854,神奈川県,横浜市
1855,神奈川県,横浜市
1856,神奈川県,横浜市
1857,神奈川県,横浜市
1858,神奈川県,横浜市
1859,神奈川県,横浜市
1860,神奈川県,横浜市
1861,神奈川県,横浜市
1862,神奈川県,横浜市
1863,神奈川県,横浜市
1864,神奈川県,横浜市
1865,神奈川県,横浜市
1866,神奈川県,横浜市
1867,神奈川県,横浜市
1868,神奈川県,横浜市
1869,神奈川県,横浜市
1870,神奈川県,横浜市
1871,神奈川県,横浜市
1872,神奈川県,横浜市
1873,神奈川県,横浜市
1874,神奈川県,横浜市
1875,神奈川県,横浜市
1876,神奈川県,横浜市
1877,神奈川県,横浜市
1878,神奈川県,横浜市
1879,神奈川県,横浜市
1880,神奈川県,横浜市
1881,神奈川県,横浜市
1882,神奈川県,横浜市
1883,神奈川県,横浜市
1884,神奈川県,横浜市
1885,神奈川県,横浜市
1886,神奈川県,横浜市
1887,神奈川県,横浜市
1888,神奈川県,横浜市
1889,神奈川県,横浜市
1890,神奈川県,横浜市
1891,神奈川県,横浜市
1892,神奈川県,横浜市
1893,神奈川県,横浜市
1894,神奈川県,横浜市
1895,神奈川県,横浜市
1896,神奈川県,横浜市
1897,神奈川県,横浜市
1898,神奈川県,横浜市
1899,神奈川県,横浜市
1900,神奈川県,横浜市
1901,神奈川県,横浜市
1902,神奈川県,横浜市
1903,神奈川県,横浜市
1904,神奈川県,横浜市
1905,神奈川県,横浜市
1906,神奈川県,横浜市
1907,神奈川県,横浜市
1908,神奈川県,横浜市
1909,神奈川県,横浜市
1910,神奈川県,横浜市
1911,神奈川県,横浜市
1912,神奈川県,横浜市
1913,神奈川県,横浜市
1914,神奈川県,横浜市
1915,神奈川県,横浜市
1916,神奈川県,横浜市
1917,神奈川県,横浜市
1918,神奈川県,横浜市
1919,神奈川県,横浜市
1920,神奈川県,横浜市
1921,神奈川県,横浜市
1922,神奈川県,横浜市
1923,神奈川県,横浜市
1924,神奈川県,横浜市
1925,神奈川県,横浜市
1926,神奈川県,横浜市
1927,神奈川県,横浜市
1928,神奈川県,横浜市
1929,神奈川県,横浜市
1930,神奈川県,横浜市
1931,神奈川県,横浜市
1932,神奈川県,横浜市
1933,神奈川県,横浜市
1934,神奈川県,横浜市
1935,神奈川県,横浜市
1936,神奈川県,横浜市
1937,神奈川県,横浜市
1938,神奈川県,横浜市
1939,神奈川県,横浜市
1940,神奈川県,横浜市
1941,神奈川県,横浜市
1942,神奈川県,横浜市
1943,神奈川県,横浜市
1944,神奈川県,横浜市
1945,神奈川県,横浜市
1946,神奈川県,横浜市
1947,神奈川県,横浜市
1948,神奈川県,横浜市
1949,神奈川県,横浜市
1950,神奈川県,横浜市
1951,神奈川県,横浜市
1952,神奈川県,横浜市
1953,神奈川県,横浜市
1954,神奈川県,横浜市
1955,神奈川県,横浜市
1956,神奈川県,横浜市
1957,神奈川県,横浜市
1958,神奈川県,横浜市
1959,神奈川県,横浜市
1960,神奈川県,横浜市
1961,神奈川県,横浜市
1962,神奈川県,横浜市
1963,神奈川県,横浜市
1964,神奈川県,横浜市
1965,神奈川県,横浜市
1966,神奈川県,横浜市
1967,神奈川県,横浜市
1968,神奈川県,横浜市
1969,神奈川県,横浜市
1970,神奈川県,横浜市
1971,神奈川県,横浜市
1972,神奈川県,横浜市
1973,神奈川県,横浜市
1974,神奈川県,横浜市
1975,神奈川県,横浜市
1976,神奈川県,横浜市
1977,神奈川県,横浜市
1978,神奈川県,横浜市
1979,神奈川県,横浜市
1980,神奈川県,横浜市
1981,神奈川県,横浜市
1982,神奈川県,横浜市
1983,神奈川県,横浜市
1984,神奈川県,横浜市
1985,神奈川県,横浜市
1986,神奈川県,横浜市
1987,神奈川県,横浜市
1988,神奈川県,横浜市
1989,神奈川県,横浜市
1990,神奈川県,横浜市
1991,神奈川県,横浜市
1992,神奈川県,横浜市
1993,神奈川県,横浜市
1994,神奈川県,横浜市
1995,神奈川県,横浜市
1996,神奈川県,横浜市
1997,神奈川県,横浜市
1998,神奈川県,横浜市
1999,神奈川県,横浜市
2000,神奈川県,横浜市
2001,神奈川県,横浜市
2002,神奈川県,横浜市
2003,神奈川県,横浜市
2004,神奈川県,横浜市
2005,神奈川県,横浜市
2006,神奈川県,横浜市
2007,神奈川県,横浜市
2008,神奈川県,横浜市
2009,神奈川県,横浜市
2010,神奈川県,横浜市
2011,神奈川県,横浜市
2012,神奈川県,横浜市
2013,神奈川県,横浜市
2014,神奈川県,横浜市
2015,神奈川県,横浜市
2016,神奈川県,横浜市
2017,神奈川県,横浜市
2018,神奈川県,横浜市
2019,神奈川県,横浜市
2020,神奈川県,横浜市
2021,神奈川県,横浜市
2022,神奈川県,横浜市
2023,神奈川県,横浜市
2024,神奈川県,横浜市
2025,神奈川県,横浜市
2026,神奈川県,横浜市
2027,神奈川県,横浜市
2028,神奈川県,横浜市
2029,神奈川県,横浜市
2030,神奈川県,横浜市
2031,神奈川県,横浜市
2032,神奈川県,横浜市
2033,神奈川県,横浜市
2034,神奈川県,横浜市
2035,神奈川県,横浜市
2036,神奈川県,横浜市
2037,神奈川県,横浜市
2038,神奈川県,横浜市
2039,神奈川県,横浜市
2040,神奈川県,横浜市
2041,神奈川県,横浜市
2042,神奈川県,横浜市
2043,神奈川県,横浜市
2044,神奈川県,横浜市
2045,神奈川県,横浜市
2046,神奈川県,横浜市
2047,神奈川県,横浜市
2048,神奈川県,横浜市
2049,神奈川県,横浜市
2050,神奈川県,横浜市
2051,神奈川県,横浜市
2052,神奈川県,横浜市
2053,神奈川県,横浜市
2054,神奈川県,横浜市
2055,神奈川県,横浜市
2056,神奈川県,横浜市
2057,神奈川県,横浜市
2058,神奈川県,横浜市
2059,神奈川県,横浜市
2060,神奈川県,横浜市
2061,神奈川県,横浜市
2062,神奈川県,横浜市
2063,神奈川県,横浜市
2064,神奈川県,横浜市
2065,神奈川県,横浜市
2066,神奈川県,横浜市
2067,神奈川県,横浜市
2068,神奈川県,横浜市
2069,神奈川県,横浜市
2070,神奈川県,横浜市
2071,神奈川県,横浜市
2072,神奈川県,横浜市
2073,神奈川県,横浜市
2074,神奈川県,横浜市
2075,神奈川県,横浜市
2076,神奈川県,横浜市
2077,神奈川県,横浜市
2078,神奈川県,横浜市
2079,神奈川県,横浜市
2080,神奈川県,横浜市
2081,神奈川県,横浜市
2082,神奈川県,横浜市
2083,神奈川県,横浜市
2084,神奈川県,横浜市
2085,神奈川県,横浜市
2086,神奈川県,横浜市
2087,神奈川県,横浜市
2088,神奈川県,横浜市
2089,神奈川県,横浜市
2090,神奈川県,横浜市
2091,神奈川県,横浜市
2092,神奈川県,横浜市
2093,神奈川県,横浜市
2094,神奈川県,横浜市
2095,神奈川県,横浜市
2096,神奈川県,横浜市
2097,神奈川県,横浜市
2098,神奈川県,横浜市
2099,神奈川県,横浜市
2100,神奈川県,横浜市
2101,神奈川県,横浜市
2102,神奈川県,横浜市
2103,神奈川県,横浜市
2104,神奈川県,横浜市
2105,神奈川県,横浜市
2106,神奈川県,横浜市
2107,神奈川県,横浜市
2108,神奈川県,横浜市
2109,神奈川県,横浜市
2110,神奈川県,横浜市
2111,神奈川県,横浜市
2112,神奈川県,横浜市
2113,神奈川県,横浜市
2114,神奈川県,横浜市
2115,神奈川県,横浜市
2116,神奈川県,横浜市
2117,神奈川県,横浜市
2118,神奈川県,横浜市
2119,神奈川県,横浜市
2120,神奈川県,横浜市
2121,神奈川県,横浜市
2122,神奈川県,横浜市
2123,神奈川県,横浜市
2124,神奈川県,横浜市
2125,神奈川県,横浜市
2126,神奈川県,横浜市
2127,神奈川県,横浜市
2128,神奈川県,横浜市
2129,神奈川県,横浜市
2130,神奈川県,横浜市
2131,神奈川県,横浜市
2132,神奈川県,横浜市
2133,神奈川県,横浜市
2134,神奈川県,横浜市
2135,神奈川県,横浜市
2136,神奈川県,横浜市
2137,神奈川県,横浜市
2138,神奈川県,横浜市
2139,神奈川県,横浜市
2140,神奈川県,横浜市
2141,神奈川県,横浜市
2142,神奈川県,横浜市
2143,神奈川県,横浜市
2144,神奈川県,横浜市
2145,神奈川県,横浜市
2146,神奈川県,横浜市
2147,神奈川県,横浜市
2148,神奈川県,横浜市
2149,神奈川県,横浜市
2150,神奈川県,横浜市
2151,神奈川県,横浜市
2152,神奈川県,横浜市
2153,神奈川県,横浜市
2154,神奈川県,横浜市
2155,神奈川県,横浜市
2156,神奈川県,横浜市
2157,神奈川県,横浜市
2158,神奈川県,横浜市
2159,神奈川県,横浜市
2160,神奈川県,横浜市
2161,神奈川県,横浜市
2162,神奈川県,横浜市
2163,神奈川県,横浜市
2164,神奈川県,横浜市
2165,神奈川県,横浜市
2166,神奈川県,横浜市
2167,神奈川県,横浜市
2168,神奈川県,横浜市
2169,神奈川県,横浜市
2170,神奈川県,横浜市
2171,神奈川県,横浜市
2172,神奈川県,横浜市
2173,神奈川県,横浜市
2174,神奈川県,横浜市
2175,神奈川県,横浜市
2176,神奈川県,横浜市
2177,神奈川県,横浜市
2178,神奈川県,横浜市
2179,神奈川県,横浜市
2180,神奈川県,横浜市
2181,神奈川県,横浜市
2182,神奈川県,横浜市
2183,神奈川県,横浜市
2184,神奈川県,横浜市
2185,神奈川県,横浜市
2186,神奈川県,横浜市
2187,神奈川県,横浜市
2188,神奈川県,横浜市
2189,神奈川県,横浜市
2190,神奈川県,横浜市
2191,神奈川県,横浜市
2192,神奈川県,横浜市
2193,神奈川県,横浜市
2194,神奈川県,横浜市
2195,神奈川県,横浜市
2196,神奈川県,横浜市
2197,神奈川県,横浜市
2198,神奈川県,横浜市
2199,神奈川県,横浜市
2200,神奈川県,横浜市
2201,神奈川県,横浜市
2202,神奈川県,横浜市
2203,神奈川県,横浜市
2204,神奈川県,横浜市
2205,神奈川県,横浜市
2206,神奈川県,横浜市
2207,神奈川県,横浜市
2208,神奈川県,横浜市
2209,神奈川県,横浜市
2210,神奈川県,横浜市
2211,神奈川県,横浜市
2212,神奈川県,横浜市
2213,神奈川県,横浜市
2214,神奈川県,横浜市
2215,神奈川県,横浜市
2216,神奈川県,横浜市
2217,神奈川県,横浜市
2218,神奈川県,横浜市
2219,神奈川県,横浜市
2220,神奈川県,横浜市
2221,神奈川県,横浜市
2222,神奈川県,横浜市
2223,神奈川県,横浜市
2224,神奈川県,横浜市
2225,神奈川県,横浜市
2226,神奈川県,横浜市
2227,神奈川県,横浜市
2228,神奈川県,横浜市
2229,神奈川県,横浜市
2230,神奈川県,横浜市
2231,神奈川県,横浜市
2232,神奈川県,横浜市
2233,神奈川県,横浜市
2234,神奈川県,横浜市
2235,神奈川県,横浜市
2236,神奈川県,横浜市
2237,神奈川県,横浜市
2238,神奈川県,横浜市
2239,神奈川県,横浜市
2240,神奈川県,横浜市
2241,神奈川県,横浜市
2242,神奈川県,横浜市
2243,神奈川県,横浜市
2244,神奈川県,横浜市
2245,神奈川県,横浜市
2246,神奈川県,横浜市
2247,神奈川県,横浜市
2248,神奈川県,横浜市
2249,神奈川県,横浜市
2250,神奈川県,横浜市
2251,神奈川県,横浜市
2252,神奈川県,横浜市
2253,神奈川県,横浜市
2254,神奈川県,横浜市
2255,神奈川県,横浜市
2256,神奈川県,横浜市
2257,神奈川県,横浜市
2258,神奈川県,横浜市
2259,神奈川県,横浜市
2260,神奈川県,横浜市
2261,神奈川県,横浜市
2262,神奈川県,横浜市
2263,神奈川県,横浜市
2264,神奈川県,横浜市
2265,神奈川県,横浜市
2266,神奈川県,横浜市
2267,神奈川県,横浜市
2268,神奈川県,横浜市
2269,神奈川県,横浜市
2270,神奈川県,横浜市
2271,神奈川県,横浜市
2272,神奈川県,横浜市
2273,神奈川県,横浜市
2274,神奈川県,横浜市
2275,神奈川県,横浜市
2276,神奈川県,横浜市
2277,神奈川県,横浜市
2278,神奈川県,横浜市
2279,神奈川県,横浜市
2280,神奈川県,横浜市
2281,神奈川県,横浜市
2282,神奈川県,横浜市
2283,神奈川県,横浜市
2284,神奈川県,横浜市
2285,神奈川県,横浜市
2286,神奈川県,横浜市
2287,神奈川県,横浜市
2288,神奈川県,横浜市
2289,神奈川県,横浜市
2290,神奈川県,横浜市
2291,神奈川県,横浜市
2292,神奈川県,横浜市
2293,神奈川県,横浜市
2294,神奈川県,横浜市
2295,神奈川県,横浜市
2296,神奈川県,横浜市
2297,神奈川県,横浜市
2298,神奈川県,横浜市
2299,神奈川県,横浜市
2300,神奈川県,横浜市
2301,神奈川県,横浜市
2302,神奈川県,横浜市
2303,神奈川県,横浜市
2304,神奈川県,横浜市
2305,神奈川県,横浜市
2306,神奈川県,横浜市
2307,神奈川県,横浜市
2308,神奈川県,横浜市
2309,神奈川県,横浜市
2310,神奈川県,横浜市
2311,神奈川県,横浜市
2312,神奈川県,横浜市
2313,神奈川県,横浜市
2314,神奈川県,横浜市
2315,神奈川県,横浜市
2316,神奈川県,横浜市
2317,神奈川県,横浜市
2318,神奈川県,横浜市
2319,神奈川県,横浜市
2320,神奈川県,横浜市
2321,神奈川県,横浜市
2322,神奈川県,横浜市
2323,神奈川県,横浜市
2324,神奈川県,横浜市
2325,神奈川県,横浜市
2326,神奈川県,横浜市
2327,神奈川県,横浜市
2328,神奈川県,横浜市
2329,神奈川県,横浜市
2330,神奈川県,横浜市
2331,神奈川県,横浜市
2332,神奈川県,横浜市
2333,神奈川県,横浜市
2334,神奈川県,横浜市
2335,神奈川県,横浜市
2336,神奈川県,横浜市
2337,神奈川県,横浜市
2338,神奈川県,横浜市
2339,神奈川県,横浜市
2340,神奈川県,横浜市
2341,神奈川県,横浜市
2342,神奈川県,横浜市
2343,神奈川県,横浜市
2344,神奈川県,横浜市
2345,神奈川県,横浜市
2346,神奈川県,横浜市
2347,神奈川県,横浜市
2348,神奈川県,横浜市
2349,神奈川県,横浜市
2350,神奈川県,横浜市
2351,神奈川県,横浜市
2352,神奈川県,横浜市
2353,神奈川県,横浜市
2354,神奈川県,横浜市
2355,神奈川県,横浜市
2356,神奈川県,横浜市
2357,神奈川県,横浜市
2358,神奈川県,横浜市
2359,神奈川県,横浜市
2360,神奈川県,横浜市
2361,神奈川県,横浜市
2362,神奈川県,横浜市
2363,神奈川県,横浜市
2364,神奈川県,横浜市
2365,神奈川県,横浜市
2366,神奈川県,横浜市
2367,神奈川県,横浜市
2368,神奈川県,横浜市
2369,神奈川県,横浜市
2370,神奈川県,横浜市
2371,神奈川県,横浜市
2372,神奈川県,横浜市
2373,神奈川県,横浜市
2374,神奈川県,横浜市
2375,神奈川県,横浜市
2376,神奈川県,横浜市
2377,神奈川県,横浜市
2378,神奈川県,横浜市
2379,神奈川県,横浜市
2380,神奈川県,横浜市
2381,神奈川県,横浜市
2382,神奈川県,横浜市
2383,神奈川県,横浜市
2384,神奈川県,横浜市
2385,神奈川県,横浜市
2386,神奈川県,横浜市
2387,神奈川県,横浜市
2388,神奈川県,横浜市
2389,神奈川県,横浜市
2390,神奈川県,横浜市
2391,神奈川県,横浜市
2392,神奈川県,横浜市
2393,神奈川県,横浜市
2394,神奈川県,横浜市
2395,神奈川県,横浜市
2396,神奈川県,横浜市
2397,神奈川県,横浜市
2398,神奈川県,横浜市
2399,神奈川県,横浜市
2400,神奈川県,横浜市
2401,神奈川県,横浜市
2402,神奈川県,横浜市
2403,神奈川県,横浜市
2404,神奈川県,横浜市
2405,神奈川県,横浜市
2406,神奈川県,横浜市
2407,神奈川県,横浜市
2408,神奈川県,横浜市
2409,神奈川県,横浜市
2410,神奈川県,横浜市
2411,神奈川県,横浜市
2412,神奈川県,横浜市
2413,神奈川県,横浜市
2414,神奈川県,横浜市
2415,神奈川県,横浜市
2416,神奈川県,横浜市
2417,神奈川県,横浜市
2418,神奈川県,横浜市
2419,神奈川県,横浜市
2420,神奈川県,横浜市
2421,神奈川県,横浜市
2422,神奈川県,横浜市
2423,神奈川県,横浜市
2424,神奈川県,横浜市
2425,神奈川県,横浜市
2426,神奈川県,横浜市
2427,神奈川県,横浜市
2428,神奈川県,横浜市
2429,神奈川県,横浜市
2430,神奈川県,横浜市
2431,神奈川県,横浜市
2432,神奈川県,横浜市
2433,神奈川県,横浜市
2434,神奈川県,横浜市
2435,神奈川県,横浜市
2436,神奈川県,横浜市
2437,神奈川県,横浜市
2438,神奈川県,横浜市
2439,神奈川県,横浜市
2440,神奈川県,横浜市
2441,神奈川県,横浜市
2442,神奈川県,横浜市
2443,神奈川県,横浜市
2444,神奈川県,横浜市
2445,神奈川県,横浜市
2446,神奈川県,横浜市
2447,神奈川県,横浜市
2448,神奈川県,横浜市
2449,神奈川県,横浜市
2450,神奈川県,横浜市
2451,神奈川県,横浜市
2452,神奈川県,横浜市
2453,神奈川県,横浜市
2454,神奈川県,横浜市
2455,神奈川県,横浜市
2456,神奈川県,横浜市
2457,神奈川県,横浜市
2458,神奈川県,横浜市
2459,神奈川県,横浜市
2460,神奈川県,横浜市
2461,神奈川県,横浜市
2462,神奈川県,横浜市
2463,神奈川県,横浜市
2464,神奈川県,横浜市
2465,神奈川県,横浜市
2466,神奈川県,横浜市
2467,神奈川県,横浜市
2468,神奈川県,横浜市
2469,神奈川県,横浜市
2470,神奈川県,横浜市
2471,神奈川県,横浜市
2472,神奈川県,横浜市
2473,神奈川県,横浜市
2474,神奈川県,横浜市
2475,神奈川県,横浜市
2476,神奈川県,横浜市
2477,神奈川県,横浜市
2478,神奈川県,横浜市
2479,神奈川県,横浜市
2480,神奈川県,横浜市
2481,神奈川県,横浜市
2482,神奈川県,横浜市
2483,神奈川県,横浜市
2484,神奈川県,横浜市
2485,神奈川県,横浜市
2486,神奈川県,横浜市
2487,神奈川県,横浜市
2488,神奈川県,横浜市
2489,神奈川県,横浜市
2490,神奈川県,横浜市
2491,神奈川県,横浜市
2492,神奈川県,横浜市
2493,神奈川県,横浜市
2494,神奈川県,横浜市
2495,神奈川県,横浜市
2496,神奈川県,横浜市
2497,神奈川県,横浜市
2498,神奈川県,横浜市
2499,神奈川県,横浜市
2500,神奈川県,横浜市
2501,神奈川県,横浜市
2502,神奈川県,横浜市
2503,神奈川県,横浜市
2504,神奈川県,横浜市
2505,神奈川県,横浜市
2506,神奈川県,横浜市
2507,神奈川県,横浜市
2508,神奈川県,横浜市
2509,神奈川県,横浜市
2510,神奈川県,横浜市
2511,神奈川県,横浜市
2512,神奈川県,横浜市
2513,神奈川県,横浜市
2514,神奈川県,横浜市
2515,神奈川県,横浜市
2516,神奈川県,横浜市
2517,神奈川県,横浜市
2518,神奈川県,横浜市
2519,神奈川県,横浜市
2520,神奈川県,横浜市
2521,神奈川県,横浜市
2522,神奈川県,横浜市
2523,神奈川県,横浜市
2524,神奈川県,横浜市
2525,神奈川県,横浜市
2526,神奈川県,横浜市
2527,神奈川県,横浜市
2528,神奈川県,横浜市
2529,神奈川県,横浜市
2530,神奈川県,横浜市
2531,神奈川県,横浜市
2532,神奈川県,横浜市
2533,神奈川県,横浜市
2534,神奈川県,横浜市
2535,神奈川県,横浜市
2536,神奈川県,横浜市
2537,神奈川県,横浜市
2538,神奈川県,横浜市
2539,神奈川県,横浜市
2540,神奈川県,横浜市
2541,神奈川県,横浜市
2542,神奈川県,横浜市
2543,神奈川県,横浜市
2544,神奈川県,横浜市
2545,神奈川県,横浜市
2546,神奈川県,横浜市
2547,神奈川県,横浜市
2548,神奈川県,横浜市
2549,神奈川県,横浜市
2550,神奈川県,横浜市
2551,神奈川県,横浜市
2552,神奈川県,横浜市
2553,神奈川県,横浜市
2554,神奈川県,横浜市
2555,神奈川県,横浜市
2556,神奈川県,横浜市
2557,神奈川県,横浜市
2558,神奈川県,横浜市
2559,神奈川県,横浜市
2560,神奈川県,横浜市
2561,神奈川県,横浜市
2562,神奈川県,横浜市
2563,神奈川県,横浜市
2564,神奈川県,横浜市
2565,神奈川県,横浜市
2566,神奈川県,横浜市
2567,神奈川県,横浜市
2568,神奈川県,横浜市
2569,神奈川県,横浜市
2570,神奈川県,横浜市
2571,神奈川県,横浜市
2572,神奈川県,横浜市
2573,神奈川県,横浜市
2574,神奈川県,横浜市
2575,神奈川県,横浜市
2576,神奈川県,横浜市
2577,神奈川県,横浜市
2578,神奈川県,横浜市
2579,神奈川県,横浜市
2580,神奈川県,横浜市
2581,神奈川県,横浜市
2582,神奈川県,横浜市
2583,神奈川県,横浜市
2584,神奈川県,横浜市
2585,神奈川県,横浜市
2586,神奈川県,横浜市
2587,神奈川県,横浜市
2588,神奈川県,横浜市
2589,神奈川県,横浜市
2590,神奈川県,横浜市
2591,神奈川県,横浜市
2592,神奈川県,横浜市
2593,神奈川県,横浜市
2594,神奈川県,横浜市
2595,神奈川県,横浜市
2596,神奈川県,横浜市
2597,神奈川県,横浜市
2598,神奈川県,横浜市
2599,神奈川県,横浜市
2600,神奈川県,横浜市
2601,神奈川県,横浜市
2602,神奈川県,横浜市
2603,神奈川県,横浜市
2604,神奈川県,横浜市
2605,神奈川県,横浜市
2606,神奈川県,横浜市
2607,神奈川県,横浜市
2608,神奈川県,横浜市
2609,神奈川県,横浜市
2610,神奈川県,横浜市
2611,神奈川県,横浜市
2612,神奈川県,横浜市
2613,神奈川県,横浜市
2614,神奈川県,横浜市
2615,神奈川県,横浜市
2616,神奈川県,横浜市
2617,神奈川県,横浜市
2618,神奈川県,横浜市
2619,神奈川県,横浜市
2620,神奈川県,横浜市
2621,神奈川県,横浜市
2622,神奈川県,横浜市
2623,神奈川県,横浜市
2624,神奈川県,横浜市
2625,神奈川県,横浜市
2626,神奈川県,横浜市
2627,神奈川県,横浜市
2628,神奈川県,横浜市
2629,神奈川県,横浜市
2630,神奈川県,横浜市
2631,神奈川県,横浜市
2632,神奈川県,横浜市
2633,神奈川県,横浜市
2634,神奈川県,横浜市
2635,神奈川県,横浜市
2636,神奈川県,横浜市
2637,神奈川県,横浜市
2638,神奈川県,横浜市
2639,神奈川県,横浜市
2640,神奈川県,横浜市
2641,神奈川県,横浜市
2642,神奈川県,横浜市
2643,神奈川県,横浜市
2644,神奈川県,横浜市
2645,神奈川県,横浜市
2646,神奈川県,横浜市
2647,神奈川県,横浜市
2648,神奈川県,横浜市
2649,神奈川県,横浜市
2650,神奈川県,横浜市
2651,神奈川県,横浜市
2652,神奈川県,横浜市
2653,神奈川県,横浜市
2654,神奈川県,横浜市
2655,神奈川県,横浜市
2656,神奈川県,横浜市
2657,神奈川県,横浜市
2658,神奈川県,横浜市
2659,神奈川県,横浜市
2660,神奈川県,横浜市
2661,神奈川県,横浜市
2662,神奈川県,横浜市
2663,神奈川県,横浜市
2664,神奈川県,横浜市
2665,神奈川県,横浜市
2666,神奈川県,横浜市
2667,神奈川県,横浜市
2668,神奈川県,横浜市
2669,神奈川県,横浜市
2670,神奈川県,横浜市
2671,神奈川県,横浜市
2672,神奈川県,横浜市
2673,神奈川県,横浜市
2674,神奈川県,横浜市
2675,神奈川県,横浜市
2676,神奈川県,横浜市
2677,神奈川県,横浜市
2678,神奈川県,横浜市
2679,神奈川県,横浜市
2680,神奈川県,横浜市
2681,神奈川県,横浜市
2682,神奈川県,横浜市
2683,神奈川県,横浜市
2684,神奈川県,横浜市
2685,神奈川県,横浜市
2686,神奈川県,横浜市
2687,神奈川県,横浜市
2688,神奈川県,横浜市
2689,神奈川県,横浜市
2690,神奈川県,横浜市
2691,神奈川県,横浜市
2692,神奈川県,横浜市
2693,神奈川県,横浜市
2694,神奈川県,横浜市
2695,神奈川県,横浜市
2696,神奈川県,横浜市
2697,神奈川県,横浜市
2698,神奈川県,横浜市
2699,神奈川県,横浜市
2700,神奈川県,横浜市
2701,神奈川県,横浜市
2702,神奈川県,横浜市
2703,神奈川県,横浜市
2704,神奈川県,横浜市
2705,神奈川県,横浜市
2706,神奈川県,横浜市
2707,神奈川県,横浜市
2708,神奈川県,横浜市
2709,神奈川県,横浜市
2710,神奈川県,横浜市
2711,神奈川県,横浜市
2712,神奈川県,横浜市
2713,神奈川県,横浜市
2714,神奈川県,横浜市
2715,神奈川県,横浜市
2716,神奈川県,横浜市
2717,神奈川県,横浜市
2718,神奈川県,横浜市
2719,神奈川県,横浜市
2720,神奈川県,横浜市
2721,神奈川県,横浜市
2722,神奈川県,横浜市
2723,神奈川県,横浜市
2724,神奈川県,横浜市
2725,神奈川県,横浜市
2726,神奈川県,横浜市
2727,神奈川県,横浜市
2728,神奈川県,横浜市
2729,神奈川県,横浜市
2730,神奈川県,横浜市
2731,神奈川県,横浜市
2732,神奈川県,横浜市
2733,神奈川県,横浜市
2734,神奈川県,横浜市
2735,神奈川県,横浜市
2736,神奈川県,横浜市
2737,神奈川県,横浜市
2738,神奈川県,横浜市
2739,神奈川県,横浜市
2740,神奈川県,横浜市
2741,神奈川県,横浜市
2742,神奈川県,横浜市
2743,神奈川県,横浜市
2744,神奈川県,横浜市
2745,神奈川県,横浜市
2746,神奈川県,横浜市
2747,神奈川県,横浜市
2748,神奈川県,横浜市
2749,神奈川県,横浜市
2750,神奈川県,横浜市
2751,神奈川県,横浜市
2752,神奈川県,横浜市
2753,神奈川県,横浜市
2754,神奈川県,横浜市
2755,神奈川県,横浜市
2756,神奈川県,横浜市
2757,神奈川県,横浜市
2758,神奈川県,横浜市
2759,神奈川県,横浜市
2760,神奈川県,横浜市
2761,神奈川県,横浜市
2762,神奈川県,横浜市
2763,神奈川県,横浜市
2764,神奈川県,横浜市
2765,神奈川県,横浜市
2766,神奈川県,横浜市
2767,神奈川県,横浜市
2768,神奈川県,横浜市
2769,神奈川県,横浜市
2770,神奈川県,横浜市
2771,神奈川県,横浜市
2772,神奈川県,横浜市
2773,神奈川県,横浜市
2774,神奈川県,横浜市
2775,神奈川県,横浜市
2776,神奈川県,横浜市
2777,神奈川県,横浜市
2778,神奈川県,横浜市
2779,神奈川県,横浜市
2780,神奈川県,横浜市
2781,神奈川県,横浜市
2782,神奈川県,横浜市
2783,神奈川県,横浜市
2784,神奈川県,横浜市
2785,神奈川県,横浜市
2786,神奈川県,横浜市
2787,神奈川県,横浜市
2788,神奈川県,横浜市
2789,神奈川県,横浜市
2790,神奈川県,横浜市
2791,神奈川県,横浜市
2792,神奈川県,横浜市
2793,神奈川県,横浜市
2794,神奈川県,横浜市
2795,神奈川県,横浜市
2796,神奈川県,横浜市
2797,神奈川県,横浜市
2798,神奈川県,横浜市
2799,神奈川県,横浜市
2800,神奈川県,横浜市
2801,神奈川県,横浜市
2802,神奈川県,横浜市
2803,神奈川県,横浜市
2804,神奈川県,横浜市
2805,神奈川県,横浜市
2806,神奈川県,横浜市
2807,神奈川県,横浜市
2808,神奈川県,横浜市
2809,神奈川県,横浜市
2810,神奈川県,横浜市
2811,神奈川県,横浜市
2812,神奈川県,横浜市
2813,神奈川県,横浜市
2814,神奈川県,横浜市
2815,神奈川県,横浜市
2816,神奈川県,横浜市
2817,神奈川県,横浜市
2818,神奈川県,横浜市
2819,神奈川県,横浜市
2820,神奈川県,横浜市
2821,神奈川県,横浜市
2822,神奈川県,横浜市
2823,神奈川県,横浜市
2824,神奈川県,横浜市
2825,神奈川県,横浜市
2826,神奈川県,横浜市
2827,神奈川県,横浜市
2828,神奈川県,横浜市
2829,神奈川県,横浜市
2830,神奈川県,横浜市
2831,神奈川県,横浜市
2832,神奈川県,横浜市
2833,神奈川県,横浜市
2834,神奈川県,横浜市
2835,神奈川県,横浜市
2836,神奈川県,横浜市
2837,神奈川県,横浜市
2838,神奈川県,横浜市
2839,神奈川県,横浜市
2840,神奈川県,横浜市
2841,神奈川県,横浜市
2842,神奈川県,横浜市
2843,神奈川県,横浜市
2844,神奈川県,横浜市
2845,神奈川県,横浜市
2846,神奈川県,横浜市
2847,神奈川県,横浜市
2848,神奈川県,横浜市
2849,神奈川県,横浜市
2850,神奈川県,横浜市
2851,神奈川県,横浜市
2852,神奈川県,横浜市
2853,神奈川県,横浜市
2854,神奈川県,横浜市
2855,神奈川県,横浜市
2856,神奈川県,横浜市
2857,神奈川県,横浜市
2858,神奈川県,横浜市
2859,神奈川県,横浜市
2860,神奈川県,横浜市
2861,神奈川県,横浜市
2862,神奈川県,横浜市
2863,神奈川県,横浜市
2864,神奈川県,横浜市
2865,神奈川県,横浜市
2866,神奈川県,横浜市
2867,神奈川県,横浜市
2868,神奈川県,横浜市
2869,神奈川県,横浜市
2870,神奈川県,横浜市
2871,神奈川県,横浜市
2872,神奈川県,横浜市
2873,神奈川県,横浜市
2874,神奈川県,横浜市
2875,神奈川県,横浜市
2876,神奈川県,横浜市
2877,神奈川県,横浜市
2878,神奈川県,横浜市
2879,神奈川県,横浜市
2880,神奈川県,横浜市
2881,神奈川県,横浜市
2882,神奈川県,横浜市
2883,神奈川県,横浜市
2884,神奈川県,横浜市
2885,神奈川県,横浜市
2886,神奈川県,横浜市
2887,神奈川県,横浜市
2888,神奈川県,横浜市
2889,神奈川県,横浜市
2890,神奈川県,横浜市
2891,神奈川県,横浜市
2892,神奈川県,横浜市
2893,神奈川県,横浜市
2894,神奈川県,横浜市
2895,神奈川県,横浜市
2896,神奈川県,横浜市
2897,神奈川県,横浜市
2898,神奈川県,横浜市
2899,神奈川県,横浜市
2900,神奈川県,横浜市
2901,神奈川県,横浜市
2902,神奈川県,横浜市
2903,神奈川県,横浜市
2904,神奈川県,横浜市
2905,神奈川県,横浜市
2906,神奈川県,横浜市
2907,神奈川県,横浜市
2908,神奈川県,横浜市
2909,神奈川県,横浜市
2910,神奈川県,横浜市
2911,神奈川県,横浜市
2912,神奈川県,横浜市
2913,神奈川県,横浜市
2914,神奈川県,横浜市
2915,神奈川県,横浜市
2916,神奈川県,横浜市
2917,神奈川県,横浜市
2918,神奈川県,横浜市
2919,神奈川県,横浜市
2920,神奈川県,横浜市
2921,神奈川県,横浜市
2922,神奈川県,横浜市
2923,神奈川県,横浜市
2924,神奈川県,横浜市
2925,神奈川県,横浜市
2926,神奈川県,横浜市
2927,神奈川県,横浜市
2928,神奈川県,横浜市
2929,神奈川県,横浜市
2930,神奈川県,横浜市
2931,神奈川県,横浜市
2932,神奈川県,横浜市
2933,神奈川県,横浜市
2934,神奈川県,横浜市
2935,神奈川県,横浜市
2936,神奈川県,横浜市
2937,神奈川県,横浜市
2938,神奈川県,横浜市
2939,神奈川県,横浜市
2940,神奈川県,横浜市
2941,神奈川県,横浜市
2942,神奈川県,横浜市
2943,神奈川県,横浜市
2944,神奈川県,横浜市
2945,神奈川県,横浜市
2946,神奈川県,横浜市
2947,神奈川県,横浜市
2948,神奈川県,横浜市
2949,神奈川県,横浜市
2950,神奈川県,横浜市
2951,神奈川県,横浜市
2952,神奈川県,横浜市
2953,神奈川県,横浜市
2954,神奈川県,横浜市
2955,神奈川県,横浜市
2956,神奈川県,横浜市
2957,神奈川県,横浜市
2958,神奈川県,横浜市
2959,神奈川県,横浜市
2960,神奈川県,横浜市
2961,神奈川県,横浜市
2962,神奈川県,横浜市
2963,神奈川県,横浜市
2964,神奈川県,横浜市
2965,神奈川県,横浜市
2966,神奈川県,横浜市
2967,神奈川県,横浜市
2968,神奈川県,横浜市
2969,神奈川県,横浜市
2970,神奈川県,横浜市
2971,神奈川県,横浜市
2972,神奈川県,横浜市
2973,神奈川県,横浜市
2974,神奈川県,横浜市
2975,神奈川県,横浜市
2976,神奈川県,横浜市
2977,神奈川県,横浜市
2978,神奈川県,横浜市
2979,神奈川県,横浜市
2980,神奈川県,横浜市
2981,神奈川県,横浜市
2982,神奈川県,横浜市
2983,神奈川県,横浜市
2984,神奈川県,横浜市
2985,神奈川県,横浜市
2986,神奈川県,横浜市
2987,神奈川県,横浜市
2988,神奈川県,横浜市
2989,神奈川県,横浜市
2990,神奈川県,横浜市
2991,神奈川県,横浜市
2992,神奈川県,横浜市
2993,神奈川県,横浜市
2994,神奈川県,横浜市
2995,神奈川県,横浜市
2996,神奈川県,横浜市
2997,神奈川県,横浜市
2998,神奈川県,横浜市
2999,神奈川県,横浜市
3000,神奈川県,横浜市
3001,神奈川県,横浜市
3002,神奈川県,横浜市
3003,神奈川県,横浜市
3004,神奈川県,横浜市
3005,神奈川県,横浜市
3006,神奈川県,横浜市
3007,神奈川県,横浜市
3008,神奈川県,横浜市
3009,神奈川県,横浜市
3010,神奈川県,横浜市
3011,神奈川県,横浜市
3012,神奈川県,横浜市
3013,神奈川県,横浜市
3014,神奈川県,横浜市
3015,神奈川県,横浜市
3016,神奈川県,横浜市
3017,神奈川県,横浜市
3018,神奈川県,横浜市
3019,神奈川県,横浜市
3020,神奈川県,横浜市
3021,神奈川県,横浜市
3022,神奈川県,横浜市
3023,神奈川県,横浜市
3024,神奈川県,横浜市
3025,神奈川県,横浜市
3026,神奈川県,横浜市
3027,神奈川県,横浜市
3028,神奈川県,横浜市
3029,神奈川県,横浜市
3030,神奈川県,横浜市
3031,神奈川県,横浜市
3032,神奈川県,横浜市
3033,神奈川県,横浜市
3034,神奈川県,横浜市
3035,神奈川県,横浜市
3036,神奈川県,横浜市
3037,神奈川県,横浜市
3038,神奈川県,横浜市
3039,神奈川県,横浜市
3040,神奈川県,横浜市
3041,神奈川県,横浜市
3042,神奈川県,横浜市
3043,神奈川県,横浜市
3044,神奈川県,横浜市
3045,神奈川県,横浜市
3046,神奈川県,横浜市
3047,神奈川県,横浜市
3048,神奈川県,横浜市
3049,神奈川県,横浜市
3050,神奈川県,横浜市
3051,神奈川県,横浜市
3052,神奈川県,横浜市
3053,神奈川県,横浜市
3054,神奈川県,横浜市
3055,神奈川県,横浜市
3056,神奈川県,横浜市
3057,神奈川県,横浜市
3058,神奈川県,横浜市
3059,神奈川県,横浜市
3060,神奈川県,横浜市
3061,神奈川県,横浜市
3062,神奈川県,横浜市
3063,神奈川県,横浜市
3064,神奈川県,横浜市
3065,神奈川県,横浜市
3066,神奈川県,横浜市
3067,神奈川県,横浜市
3068,神奈川県,横浜市
3069,神奈川県,横浜市
3070,神奈川県,横浜市
3071,神奈川県,横浜市
3072,神奈川県,横浜市
3073,神奈川県,横浜市
3074,神奈川県,横浜市
3075,神奈川県,横浜市
3076,神奈川県,横浜市
3077,神奈川県,横浜市
3078,神奈川県,横浜市
3079,神奈川県,横浜市
3080,神奈川県,横浜市
3081,神奈川県,横浜市
3082,神奈川県,横浜市
3083,神奈川県,横浜市
3084,神奈川県,横浜市
3085,神奈川県,横浜市
3086,神奈川県,横浜市
3087,神奈川県,横浜市
3088,神奈川県,横浜市
3089,神奈川県,横浜市
3090,神奈川県,横浜市
3091,神奈川県,横浜市
3092,神奈川県,横浜市
3093,神奈川県,横浜市
3094,神奈川県,横浜市
3095,神奈川県,横浜市
3096,神奈川県,横浜市
3097,神奈川県,横浜市
3098,神奈川県,横浜市
3099,神奈川県,横浜市
3100,神奈川県,横浜市
3101,神奈川県,横浜市
3102,神奈川県,横浜市
3103,神奈川県,横浜市
3104,神奈川県,横浜市
3105,神奈川県,横浜市
3106,神奈川県,横浜市
3107,神奈川県,横浜市
3108,神奈川県,横浜市
3109,神奈川県,横浜市
3110,神奈川県,横浜市
3111,神奈川県,横浜市
3112,神奈川県,横浜市
3113,神奈川県,横浜市
3114,神奈川県,横浜市
3115,神奈川県,横浜市
3116,神奈川県,横浜市
3117,神奈川県,横浜市
3118,神奈川県,横浜市
3119,神奈川県,横浜市
3120,神奈川県,横浜市
3121,神奈川県,横浜市
3122,神奈川県,横浜市
3123,神奈川県,横浜市
3124,神奈川県,横浜市
3125,神奈川県,横浜市
3126,神奈川県,横浜市
3127,神奈川県,横浜市
3128,神奈川県,横浜市
3129,神奈川県,横浜市
3130,神奈川県,横浜市
3131,神奈川県,横浜市
3132,神奈川県,横浜市
3133,神奈川県,横浜市
3134,神奈川県,横浜市
3135,神奈川県,横浜市
3136,神奈川県,横浜市
3137,神奈川県,横浜市
3138,神奈川県,横浜市
3139,神奈川県,横浜市
3140,神奈川県,横浜市
3141,神奈川県,横浜市
3142,神奈川県,横浜市
3143,神奈川県,横浜市
3144,神奈川県,横浜市
3145,神奈川県,横浜市
3146,神奈川県,横浜市
3147,神奈川県,横浜市
3148,神奈川県,横浜市
3149,神奈川県,横浜市
3150,神奈川県,横浜市
3151,神奈川県,横浜市
3152,神奈川県,横浜市
3153,神奈川県,横浜市
3154,神奈川県,横浜市
3155,神奈川県,横浜市
3156,神奈川県,横浜市
3157,神奈川県,横浜市
3158,神奈川県,横浜市
3159,神奈川県,横浜市
3160,神奈川県,横浜市
3161,神奈川県,横浜市
3162,神奈川県,横浜市
3163,神奈川県,横浜市
3164,神奈川県,横浜市
3165,神奈川県,横浜市
3166,神奈川県,横浜市
3167,神奈川県,横浜市
3168,神奈川県,横浜市
3169,神奈川県,横浜市
3170,神奈川県,横浜市
3171,神奈川県,横浜市
3172,神奈川県,横浜市
3173,神奈川県,横浜市
3174,神奈川県,横浜市
3175,神奈川県,横浜市
3176,神奈川県,横浜市
3177,神奈川県,横浜市
3178,神奈川県,横浜市
3179,神奈川県,横浜市
3180,神奈川県,横浜市
3181,神奈川県,横浜市
3182,神奈川県,横浜市
3183,神奈川県,横浜市
3184,神奈川県,横浜市
3185,神奈川県,横浜市
3186,神奈川県,横浜市
3187,神奈川県,横浜市
3188,神奈川県,横浜市
3189,神奈川県,横浜市
3190,神奈川県,横浜市
3191,神奈川県,横浜市
3192,神奈川県,横浜市
3193,神奈川県,横浜市
3194,神奈川県,横浜市
3195,神奈川県,横浜市
3196,神奈川県,横浜市
3197,神奈川県,横浜市
3198,神奈川県,横浜市
3199,神奈川県,横浜市
3200,神奈川県,横浜市
3201,神奈川県,横浜市
3202,神奈川県,横浜市
3203,神奈川県,横浜市
3204,神奈川県,横浜市
3205,神奈川県,横浜市
3206,神奈川県,横浜市
3207,神奈川県,横浜市
3208,神奈川県,横浜市
3209,神奈川県,横浜市
3210,神奈川県,横浜市
3211,神奈川県,横浜市
3212,神奈川県,横浜市
3213,神奈川県,横浜市
3214,神奈川県,横浜市
3215,神奈川県,横浜市
3216,神奈川県,横浜市
3217,神奈川県,横浜市
3218,神奈川県,横浜市
3219,神奈川県,横浜市
3220,神奈川県,横浜市
3221,神奈川県,横浜市
3222,神奈川県,横浜市
3223,神奈川県,横浜市
3224,神奈川県,横浜市
3225,神奈川県,横浜市
3226,神奈川県,横浜市
3227,神奈川県,横浜市
3228,神奈川県,横浜市
3229,神奈川県,横浜市
3230,神奈川県,横浜市
3231,神奈川県,横浜市
3232,神奈川県,横浜市
3233,神奈川県,横浜市
3234,神奈川県,横浜市
3235,神奈川県,横浜市
3236,神奈川県,横浜市
3237,神奈川県,横浜市
3238,神奈川県,横浜市
3239,神奈川県,横浜市
3240,神奈川県,横浜市
3241,神奈川県,横浜市
3242,神奈川県,横浜市
3243,神奈川県,横浜市
3244,神奈川県,横浜市
3245,神奈川県,横浜市
3246,神奈川県,横浜市
3247,神奈川県,横浜市
3248,神奈川県,横浜市
3249,神奈川県,横浜市
3250,神奈川県,横浜市
3251,神奈川県,横浜市
3252,神奈川県,横浜市
3253,神奈川県,横浜市
3254,神奈川県,横浜市
3255,神奈川県,横浜市
3256,神奈川県,横浜市
3257,神奈川県,横浜市
3258,神奈川県,横浜市
3259,神奈川県,横浜市
3260,神奈川県,横浜市
3261,神奈川県,横浜市
3262,神奈川県,横浜市
3263,神奈川県,横浜市
3264,神奈川県,横浜市
3265,神奈川県,横浜市
3266,神奈川県,横浜市
3267,神奈川県,横浜市
3268,神奈川県,横浜市
3269,神奈川県,横浜市
3270,神奈川県,横浜市
3271,神奈川県,横浜市
3272,神奈川県,横浜市
3273,神奈川県,横浜市
3274,神奈川県,横浜市
3275,神奈川県,横浜市
3276,神奈川県,横浜市
3277,神奈川県,横浜市
3278,神奈川県,横浜市
3279,神奈川県,横浜市
3280,神奈川県,横浜市
3281,神奈川県,横浜市
3282,神奈川県,横浜市
3283,神奈川県,横浜市
3284,神奈川県,横浜市
3285,神奈川県,横浜市
3286,神奈川県,横浜市
3287,神奈川県,横浜市
3288,神奈川県,横浜市
3289,神奈川県,横浜市
3290,神奈川県,横浜市
3291,神奈川県,横浜市
3292,神奈川県,横浜市
3293,神奈川県,横浜市
3294,神奈川県,横浜市
3295,神奈川県,横浜市
3296,神奈川県,横浜市
3297,神奈川県,横浜市
3298,神奈川県,横浜市
3299,神奈川県,横浜市
3300,神奈川県,横浜市
3301,神奈川県,横浜市
3302,神奈川県,横浜市
3303,神奈川県,横浜市
3304,神奈川県,横浜市
3305,神奈川県,横浜市
3306,神奈川県,横浜市
3307,神奈川県,横浜市
3308,神奈川県,横浜市
3309,神奈川県,横浜市
3310,神奈川県,横浜市
3311,神奈川県,横浜市
3312,神奈川県,横浜市
3313,神奈川県,横浜市
3314,神奈川県,横浜市
3315,神奈川県,横浜市
3316,神奈川県,横浜市
3317,神奈川県,横浜市
3318,神奈川県,横浜市
3319,神奈川県,横浜市
3320,神奈川県,横浜市
3321,神奈川県,横浜市
3322,神奈川県,横浜市
3323,神奈川県,横浜市
3324,神奈川県,横浜市
3325,神奈川県,横浜市
3326,神奈川県,横浜市
3327,神奈川県,横浜市
3328,神奈川県,横浜市
3329,神奈川県,横浜市
3330,神奈川県,横浜市
3331,神奈川県,横浜市
3332,神奈川県,横浜市
3333,神奈川県,横浜市
3334,神奈川県,横浜市
3335,神奈川県,横浜市
3336,神奈川県,横浜市
3337,神奈川県,横浜市
3338,神奈川県,横浜市
3339,神奈川県,横浜市
3340,神奈川県,横浜市
3341,神奈川県,横浜市
3342,神奈川県,横浜市
3343,神奈川県,横浜市
3344,神奈川県,横浜市
3345,神奈川県,横浜市
3346,神奈川県,横浜市
3347,神奈川県,横浜市
3348,神奈川県,横浜市
3349,神奈川県,横浜市
3350,神奈川県,横浜市
3351,神奈川県,横浜市
3352,神奈川県,横浜市
3353,神奈川県,横浜市
3354,神奈川県,横浜市
3355,神奈川県,横浜市
3356,神奈川県,横浜市
3357,神奈川県,横浜市
3358,神奈川県,横浜市
3359,神奈川県,横浜市
3360,神奈川県,横浜市
3361,神奈川県,横浜市
3362,神奈川県,横浜市
3363,神奈川県,横浜市
3364,神奈川県,横浜市
3365,神奈川県,横浜市
3366,神奈川県,横浜市
3367,神奈川県,横浜市
3368,神奈川県,横浜市
3369,神奈川県,横浜市
3370,神奈川県,横浜市
3371,神奈川県,横浜市
3372,神奈川県,横浜市
3373,神奈川県,横浜市
3374,神奈川県,横浜市
3375,神奈川県,横浜市
3376,神奈川県,横浜市
3377,神奈川県,横浜市
3378,神奈川県,横浜市
3379,神奈川県,横浜市
3380,神奈川県,横浜市
3381,神奈川県,横浜市
3382,神奈川県,横浜市
3383,神奈川県,横浜市
3384,神奈川県,横浜市
3385,神奈川県,横浜市
3386,神奈川県,横浜市
3387,神奈川県,横浜市
3388,神奈川県,横浜市
3389,神奈川県,横浜市
3390,神奈川県,横浜市
3391,神奈川県,横浜市
3392,神奈川県,横浜市
3393,神奈川県,横浜市
3394,神奈川県,横浜市
3395,神奈川県,横浜市
3396,神奈川県,横浜市
3397,神奈川県,横浜市
3398,神奈川県,横浜市
3399,神奈川県,横浜市
3400,神奈川県,横浜市
3401,神奈川県,横浜市
3402,神奈川県,横浜市
3403,神奈川県,横浜市
3404,神奈川県,横浜市
3405,神奈川県,横浜市
3406,神奈川県,横浜市
3407,神奈川県,横浜市
3408,神奈川県,横浜市
3409,神奈川県,横浜市
3410,神奈川県,横浜市
3411,神奈川県,横浜市
3412,神奈川県,横浜市
3413,神奈川県,横浜市
3414,神奈川県,横浜市
3415,神奈川県,横浜市
3416,神奈川県,横浜市
3417,神奈川県,横浜市
3418,神奈川県,横浜市
3419,神奈川県,横浜市
3420,神奈川県,横浜市
3421,神奈川県,横浜市
3422,神奈川県,横浜市
3423,神奈川県,横浜市
3424,神奈川県,横浜市
3425,神奈川県,横浜市
3426,神奈川県,横浜市
3427,神奈川県,横浜市
3428,神奈川県,横浜市
3429,神奈川県,横浜市
3430,神奈川県,横浜市
3431,神奈川県,横浜市
3432,神奈川県,横浜市
3433,神奈川県,横浜市
3434,神奈川県,横浜市
3435,神奈川県,横浜市
3436,神奈川県,横浜市
3437,神奈川県,横浜市
3438,神奈川県,横浜市
3439,神奈川県,横浜市
3440,神奈川県,横浜市
3441,神奈川県,横浜市
3442,神奈川県,横浜市
3443,神奈川県,横浜市
3444,神奈川県,横浜市
3445,神奈川県,横浜市
3446,神奈川県,横浜市
3447,神奈川県,横浜市
3448,神奈川県,横浜市
3449,神奈川県,横浜市
3450,神奈川県,横浜市
3451,神奈川県,横浜市
3452,神奈川県,横浜市
3453,神奈川県,横浜市
3454,神奈川県,横浜市
3455,神奈川県,横浜市
3456,神奈川県,横浜市
3457,神奈川県,横浜市
3458,神奈川県,横浜市
3459,神奈川県,横浜市
3460,神奈川県,横浜市
3461,神奈川県,横浜市
3462,神奈川県,横浜市
3463,神奈川県,横浜市
3464,神奈川県,横浜市
3465,神奈川県,横浜市
3466,神奈川県,横浜市
3467,神奈川県,横浜市
3468,神奈川県,横浜市
3469,神奈川県,横浜市
3470,神奈川県,横浜市
3471,神奈川県,横浜市
3472,神奈川県,横浜市
3473,神奈川県,横浜市
3474,神奈川県,横浜市
3475,神奈川県,横浜市
3476,神奈川県,横浜市
3477,神奈川県,横浜市
3478,神奈川県,横浜市
3479,神奈川県,横浜市
3480,神奈川県,横浜市
3481,神奈川県,横浜市
3482,神奈川県,横浜市
3483,神奈川県,横浜市
3484,神奈川県,横浜市
3485,神奈川県,横浜市
3486,神奈川県,横浜市
3487,神奈川県,横浜市
3488,神奈川県,横浜市
3489,神奈川県,横浜市
3490,神奈川県,横浜市
3491,神奈川県,横浜市
3492,神奈川県,横浜市
3493,神奈川県,横浜市
3494,神奈川県,横浜市
3495,神奈川県,横浜市
3496,神奈川県,横浜市
3497,神奈川県,横浜市
3498,神奈川県,横浜市
3499,神奈川県,横浜市
3500,神奈川県,横浜市
3501,神奈川県,横浜市
3502,神奈川県,横浜市
3503,神奈川県,横浜市
3504,神奈川県,横浜市
3505,神奈川県,横浜市
3506,神奈川県,横浜市
3507,神奈川県,横浜市
3508,神奈川県,横浜市
3509,神奈川県,横浜市
3510,神奈川県,横浜市
3511,神奈川県,横浜市
3512,神奈川県,横浜市
3513,神奈川県,横浜市
3514,神奈川県,横浜市
3515,神奈川県,横浜市
3516,神奈川県,横浜市
3517,神奈川県,横浜市
3518,神奈川県,横浜市
3519,神奈川県,横浜市
3520,神奈川県,横浜市
3521,神奈川県,横浜市
3522,神奈川県,横浜市
3523,神奈川県,横浜市
3524,神奈川県,横浜市
3525,神奈川県,横浜市
3526,神奈川県,横浜市
3527,神奈川県,横浜市
3528,神奈川県,横浜市
3529,神奈川県,横浜市
3530,神奈川県,横浜市
3531,神奈川県,横浜市
3532,神奈川県,横浜市
3533,神奈川県,横浜市
3534,神奈川県,横浜市
3535,神奈川県,横浜市
3536,神奈川県,横浜市
3537,神奈川県,横浜市
3538,神奈川県,横浜市
3539,神奈川県,横浜市
3540,神奈川県,横浜市
3541,神奈川県,横浜市
3542,神奈川県,横浜市
3543,神奈川県,横浜市
3544,神奈川県,横浜市
3545,神奈川県,横浜市
3546,神奈川県,横浜市
3547,神奈川県,横浜市
3548,神奈川県,横浜市
3549,神奈川県,横浜市
3550,神奈川県,横浜市
3551,神奈川県,横浜市
3552,神奈川県,横浜市
3553,神奈川県,横浜市
3554,神奈川県,横浜市
3555,神奈川県,横浜市
3556,神奈川県,横浜市
3557,神奈川県,横浜市
3558,神奈川県,横浜市
3559,神奈川県,横浜市
3560,神奈川県,横浜市
3561,神奈川県,横浜市
3562,神奈川県,横浜市
3563,神奈川県,横浜市
3564,神奈川県,横浜市
3565,神奈川県,横浜市
3566,神奈川県,横浜市
3567,神奈川県,横浜市
3568,神奈川県,横浜市
3569,神奈川県,横浜市
3570,神奈川県,横浜市
3571,神奈川県,横浜市
3572,神奈川県,横浜市
3573,神奈川県,横浜市
3574,神奈川県,横浜市
3575,神奈川県,横浜市
3576,神奈川県,横浜市
3577,神奈川県,横浜市
3578,神奈川県,横浜市
3579,神奈川県,横浜市
3580,神奈川県,横浜市
3581,神奈川県,横浜市
3582,神奈川県,横浜市
3583,神奈川県,横浜市
3584,神奈川県,横浜市
3585,神奈川県,横浜市
3586,神奈川県,横浜市
3587,神奈川県,横浜市
3588,神奈川県,横浜市
3589,神奈川県,横浜市
3590,神奈川県,横浜市
3591,神奈川県,横浜市
3592,神奈川県,横浜市
3593,神奈川県,横浜市
3594,神奈川県,横浜市
3595,神奈川県,横浜市
3596,神奈川県,横浜市
3597,神奈川県,横浜市
3598,神奈川県,横浜市
3599,神奈川県,横浜市
3600,神奈川県,横浜市
3601,神奈川県,横浜市
3602,神奈川県,横浜市
3603,神奈川県,横浜市
3604,神奈川県,横浜市
3605,神奈川県,横浜市
3606,神奈川県,横浜市
3607,神奈川県,横浜市
3608,神奈川県,横浜市
3609,神奈川県,横浜市
3610,神奈川県,横浜市
3611,神奈川県,横浜市
3612,神奈川県,横浜市
3613,神奈川県,横浜市
3614,神奈川県,横浜市
3615,神奈川県,横浜市
3616,神奈川県,横浜市
3617,神奈川県,横浜市
3618,神奈川県,横浜市
3619,神奈川県,横浜市
3620,神奈川県,横浜市
3621,神奈川県,横浜市
3622,神奈川県,横浜市
3623,神奈川県,横浜市
3624,神奈川県,横浜市
3625,神奈川県,横浜市
3626,神奈川県,横浜市
3627,神奈川県,横浜市
3628,神奈川県,横浜市
3629,神奈川県,横浜市
3630,神奈川県,横浜市
3631,神奈川県,横浜市
3632,神奈川県,横浜市
3633,神奈川県,横浜市
3634,神奈川県,横浜市
3635,神奈川県,横浜市
3636,神奈川県,横浜市
3637,神奈川県,横浜市
3638,神奈川県,横浜市
3639,神奈川県,横浜市
3640,神奈川県,横浜市
3641,神奈川県,横浜市
3642,神奈川県,横浜市
3643,神奈川県,横浜市
3644,神奈川県,横浜市
3645,神奈川県,横浜市
3646,神奈川県,横浜市
3647,神奈川県,横浜市
3648,神奈川県,横浜市
3649,神奈川県,横浜市
3650,神奈川県,横浜市
3651,神奈川県,横浜市
3652,神奈川県,横浜市
3653,神奈川県,横浜市
3654,神奈川県,横浜市
3655,神奈川県,横浜市
3656,神奈川県,横浜市
3657,神奈川県,横浜市
3658,神奈川県,横浜市
3659,神奈川県,横浜市
3660,神奈川県,横浜市
3661,神奈川県,横浜市
3662,神奈川県,横浜市
3663,神奈川県,横浜市
3664,神奈川県,横浜市
3665,神奈川県,横浜市
3666,神奈川県,横浜市
3667,神奈川県,横浜市
3668,神奈川県,横浜市
3669,神奈川県,横浜市
3670,神奈川県,横浜市
3671,神奈川県,横浜市
3672,神奈川県,横浜市
3673,神奈川県,横浜市
3674,神奈川県,横浜市
3675,神奈川県,横浜市
3676,神奈川県,横浜市
3677,神奈川県,横浜市
3678,神奈川県,横浜市
3679,神奈川県,横浜市
3680,神奈川県,横浜市
3681,神奈川県,横浜市
3682,神奈川県,横浜市
3683,神奈川県,横浜市
3684,神奈川県,横浜市
3685,神奈川県,横浜市
3686,神奈川県,横浜市
3687,神奈川県,横浜市
3688,神奈川県,横浜市
3689,神奈川県,横浜市
3690,神奈川県,横浜市
3691,神奈川県,横浜市
3692,神奈川県,横浜市
3693,神奈川県,横浜市
3694,神奈川県,横浜市
3695,神奈川県,横浜市
3696,神奈川県,横浜市
3697,神奈川県,横浜市
3698,神奈川県,横浜市
3699,神奈川県,横浜市
3700,神奈川県,横浜市
3701,神奈川県,横浜市
3702,神奈川県,横浜市
3703,神奈川県,横浜市
3704,神奈川県,横浜市
3705,神奈川県,横浜市
3706,神奈川県,横浜市
3707,神奈川県,横浜市
3708,神奈川県,横浜市
3709,神奈川県,横浜市
3710,神奈川県,横浜市
3711,神奈川県,横浜市
3712,神奈川県,横浜市
3713,神奈川県,横浜市
3714,神奈川県,横浜市
3715,神奈川県,横浜市
3716,神奈川県,横浜市
3717,神奈川県,横浜市
3718,神奈川県,横浜市
3719,神奈川県,横浜市
3720,神奈川県,横浜市
3721,神奈川県,横浜市
3722,神奈川県,横浜市
3723,神奈川県,横浜市
3724,神奈川県,横浜市
3725,神奈川県,横浜市
3726,神奈川県,横浜市
3727,神奈川県,横浜市
3728,神奈川県,横浜市
3729,神奈川県,横浜市
3730,神奈川県,横浜市
3731,神奈川県,横浜市
3732,神奈川県,横浜市
3733,神奈川県,横浜市
3734,神奈川県,横浜市
3735,神奈川県,横浜市
3736,神奈川県,横浜市
3737,神奈川県,横浜市
3738,神奈川県,横浜市
3739,神奈川県,横浜市
3740,神奈川県,横浜市
3741,神奈川県,横浜市
3742,神奈川県,横浜市
3743,神奈川県,横浜市
3744,神奈川県,横浜市
3745,神奈川県,横浜市
3746,神奈川県,横浜市
3747,神奈川県,横浜市
3748,神奈川県,横浜市
3749,神奈川県,横浜市
3750,神奈川県,横浜市
3751,神奈川県,横浜市
3752,神奈川県,横浜市
3753,神奈川県,横浜市
3754,神奈川県,横浜市
3755,神奈川県,横浜市
3756,神奈川県,横浜市
3757,神奈川県,横浜市
3758,神奈川県,横浜市
3759,神奈川県,横浜市
3760,神奈川県,横浜市
3761,神奈川県,横浜市
3762,神奈川県,横浜市
3763,神奈川県,横浜市
3764,神奈川県,横浜市
3765,神奈川県,横浜市
3766,神奈川県,横浜市
3767,神奈川県,横浜市
3768,神奈川県,横浜市
3769,神奈川県,横浜市
3770,神奈川県,横浜市
3771,神奈川県,横浜市
3772,神奈川県,横浜市
3773,神奈川県,横浜市
3774,神奈川県,横浜市
3775,神奈川県,横浜市
3776,神奈川県,横浜市
3777,神奈川県,横浜市
3778,神奈川県,横浜市
3779,神奈川県,横浜市
3780,神奈川県,横浜市
3781,神奈川県,横浜市
3782,神奈川県,横浜市
3783,神奈川県,横浜市
3784,神奈川県,横浜市
3785,神奈川県,横浜市
3786,神奈川県,横浜市
3787,神奈川県,横浜市
3788,神奈川県,横浜市
3789,神奈川県,横浜市
3790,神奈川県,横浜市
3791,神奈川県,横浜市
3792,神奈川県,横浜市
3793,神奈川県,横浜市
3794,神奈川県,横浜市
3795,神奈川県,横浜市
3796,神奈川県,横浜市
3797,神奈川県,横浜市
3798,神奈川県,横浜市
3799,神奈川県,横浜市
3800,神奈川県,横浜市
3801,神奈川県,横浜市
3802,神奈川県,横浜市
3803,神奈川県,横浜市
3804,神奈川県,横浜市
3805,神奈川県,横浜市
3806,神奈川県,横浜市
3807,神奈川県,横浜市
3808,神奈川県,横浜市
3809,神奈川県,横浜市
3810,神奈川県,横浜市
3811,神奈川県,横浜市
3812,神奈川県,横浜市
3813,神奈川県,横浜市
3814,神奈川県,横浜市
3815,神奈川県,横浜市
3816,神奈川県,横浜市
3817,神奈川県,横浜市
3818,神奈川県,横浜市
3819,神奈川県,横浜市
3820,神奈川県,横浜市
3821,神奈川県,横浜市
3822,神奈川県,横浜市
3823,神奈川県,横浜市
3824,神奈川県,横浜市
3825,神奈川県,横浜市
3826,神奈川県,横浜市
3827,神奈川県,横浜市
3828,神奈川県,横浜市
3829,神奈川県,横浜市
3830,神奈川県,横浜市
3831,神奈川県,横浜市
3832,神奈川県,横浜市
3833,神奈川県,横浜市
3834,神奈川県,横浜市
3835,神奈川県,横浜市
3836,神奈川県,横浜市
3837,神奈川県,横浜市
3838,神奈川県,横浜市
3839,神奈川県,横浜市
3840,神奈川県,横浜市
3841,神奈川県,横浜市
3842,神奈川県,横浜市
3843,神奈川県,横浜市
3844,神奈川県,横浜市
3845,神奈川県,横浜市
3846,神奈川県,横浜市
3847,神奈川県,横浜市
3848,神奈川県,横浜市
3849,神奈川県,横浜市
3850,神奈川県,横浜市
3851,神奈川県,横浜市
3852,神奈川県,横浜市
3853,神奈川県,横浜市
3854,神奈川県,横浜市
3855,神奈川県,横浜市
3856,神奈川県,横浜市
3857,神奈川県,横浜市
3858,神奈川県,横浜市
3859,神奈川県,横浜市
3860,神奈川県,横浜市
3861,神奈川県,横浜市
3862,神奈川県,横浜市
3863,神奈川県,横浜市
3864,神奈川県,横浜市
3865,神奈川県,横浜市
3866,神奈川県,横浜市
3867,神奈川県,横浜市
3868,神奈川県,横浜市
3869,神奈川県,横浜市
3870,神奈川県,横浜市
3871,神奈川県,横浜市
3872,神奈川県,横浜市
3873,神奈川県,横浜市
3874,神奈川県,横浜市
3875,神奈川県,横浜市
3876,神奈川県,横浜市
3877,神奈川県,横浜市
3878,神奈川県,横浜市
3879,神奈川県,横浜市
3880,神奈川県,横浜市
3881,神奈川県,横浜市
3882,神奈川県,横浜市
3883,神奈川県,横浜市
3884,神奈川県,横浜市
3885,神奈川県,横浜市
3886,神奈川県,横浜市
3887,神奈川県,横浜市
3888,神奈川県,横浜市
3889,神奈川県,横浜市
3890,神奈川県,横浜市
3891,神奈川県,横浜市
3892,神奈川県,横浜市
3893,神奈川県,横浜市
3894,神奈川県,横浜市
3895,神奈川県,横浜市
3896,神奈川県,横浜市
3897,神奈川県,横浜市
3898,神奈川県,横浜市
3899,神奈川県,横浜市
3900,神奈川県,横浜市
3901,神奈川県,横浜市
3902,神奈川県,横浜市
3903,神奈川県,横浜市
3904,神奈川県,横浜市
3905,神奈川県,横浜市
3906,神奈川県,横浜市
3907,神奈川県,横浜市
3908,神奈川県,横浜市
3909,神奈川県,横浜市
3910,神奈川県,横浜市
3911,神奈川県,横浜市
3912,神奈川県,横浜市
3913,神奈川県,横浜市
3914,神奈川県,横浜市
3915,神奈川県,横浜市
3916,神奈川県,横浜市
3917,神奈川県,横浜市
3918,神奈川県,横浜市
3919,神奈川県,横浜市
3920,神奈川県,横浜市
3921,神奈川県,横浜市
3922,神奈川県,横浜市
3923,神奈川県,横浜市
3924,神奈川県,横浜市
3925,神奈川県,横浜市
3926,神奈川県,横浜市
3927,神奈川県,横浜市
3928,神奈川県,横浜市
3929,神奈川県,横浜市
3930,神奈川県,横浜市
3931,神奈川県,横浜市
3932,神奈川県,横浜市
3933,神奈川県,横浜市
3934,神奈川県,横浜市
3935,神奈川県,横浜市
3936,神奈川県,横浜市
3937,神奈川県,横浜市
3938,神奈川県,横浜市
3939,神奈川県,横浜市
3940,神奈川県,横浜市
3941,神奈川県,横浜市
3942,神奈川県,横浜市
3943,神奈川県,横浜市
3944,神奈川県,横浜市
3945,神奈川県,横浜市
3946,神奈川県,横浜市
3947,神奈川県,横浜市
3948,神奈川県,横浜市
3949,神奈川県,横浜市
3950,神奈川県,横浜市
3951,神奈川県,横浜市
3952,神奈川県,横浜市
3953,神奈川県,横浜市
3954,神奈川県,横浜市
3955,神奈川県,横浜市
3956,神奈川県,横浜市
3957,神奈川県,横浜市
3958,神奈川県,横浜市
3959,神奈川県,横浜市
3960,神奈川県,横浜市
3961,神奈川県,横浜市
3962,神奈川県,横浜市
3963,神奈川県,横浜市
3964,神奈川県,横浜市
3965,神奈川県,横浜市
3966,神奈川県,横浜市
3967,神奈川県,横浜市
3968,神奈川県,横浜市
3969,神奈川県,横浜市
3970,神奈川県,横浜市
3971,神奈川県,横浜市
3972,神奈川県,横浜市
3973,神奈川県,横浜市
3974,神奈川県,横浜市
3975,神奈川県,横浜市
3976,神奈川県,横浜市
3977,神奈川県,横浜市
3978,神奈川県,横浜市
3979,神奈川県,横浜市
3980,神奈川県,横浜市
3981,神奈川県,横浜市
3982,神奈川県,横浜市
3983,神奈川県,横浜市
3984,神奈川県,横浜市
3985,神奈川県,横浜市
3986,神奈川県,横浜市
3987,神奈川県,横浜市
3988,神奈川県,横浜市
3989,神奈川県,横浜市
3990,神奈川県,横浜市
3991,神奈川県,横浜市
3992,神奈川県,横浜市
3993,神奈川県,横浜市
3994,神奈川県,横浜市
3995,神奈川県,横浜市
3996,神奈川県,横浜市
3997,神奈川県,横浜市
3998,神奈川県,横浜市
3999,神奈川県,横浜市
4000,神奈川県,横浜市
4001,神奈川県,横浜市
4002,神奈川県,横浜市
4003,神奈川県,横浜市
4004,神奈川県,横浜市
4005,神奈川県,横浜市
4006,神奈川県,横浜市
4007,神奈川県,横浜市
4008,神奈川県,横浜市
4009,神奈川県,横浜市
4010,神奈川県,横浜市
4011,神奈川県,横浜市
4012,神奈川県,横浜市
4013,神奈川県,横浜市
4014,神奈川県,横浜市
4015,神奈川県,横浜市
4016,神奈川県,横浜市
4017,神奈川県,横浜市
4018,神奈川県,横浜市
4019,神奈川県,横浜市
4020,神奈川県,横浜市
4021,神奈川県,横浜市
4022,神奈川県,横浜市
4023,神奈川県,横浜市
4024,神奈川県,横浜市
4025,神奈川県,横浜市
4026,神奈川県,横浜市
4027,神奈川県,横浜市
4028,神奈川県,横浜市
4029,神奈川県,横浜市
4030,神奈川県,横浜市
4031,神奈川県,横浜市
4032,神奈川県,横浜市
4033,神奈川県,横浜市
4034,神奈川県,横浜市
4035,神奈川県,横浜市
4036,神奈川県,横浜市
4037,神奈川県,横浜市
4038,神奈川県,横浜市
4039,神奈川県,横浜市
4040,神奈川県,横浜市
4041,神奈川県,横浜市
4042,神奈川県,横浜市
4043,神奈川県,横浜市
4044,神奈川県,横浜市
4045,神奈川県,横浜市
4046,神奈川県,横浜市
4047,神奈川県,横浜市
4048,神奈川県,横浜市
4049,神奈川県,横浜市
4050,神奈川県,横浜市
4051,神奈川県,横浜市
4052,神奈川県,横浜市
4053,神奈川県,横浜市
4054,神奈川県,横浜市
4055,神奈川県,横浜市
4056,神奈川県,横浜市
4057,神奈川県,横浜市
4058,神奈川県,横浜市
4059,神奈川県,横浜市
4060,神奈川県,横浜市
4061,神奈川県,横浜市
4062,神奈川県,横浜市
4063,神奈川県,横浜市
4064,神奈川県,横浜市
4065,神奈川県,横浜市
4066,神奈川県,横浜市
4067,神奈川県,横浜市
4068,神奈川県,横浜市
4069,神奈川県,横浜市
4070,神奈川県,横浜市
4071,神奈川県,横浜市
4072,神奈川県,横浜市
4073,神奈川県,横浜市
4074,神奈川県,横浜市
4075,神奈川県,横浜市
4076,神奈川県,横浜市
4077,神奈川県,横浜市
4078,神奈川県,横浜市
4079,神奈川県,横浜市
4080,神奈川県,横浜市
4081,神奈川県,横浜市
4082,神奈川県,横浜市
4083,神奈川県,横浜市
4084,神奈川県,横浜市
4085,神奈川県,横浜市
4086,神奈川県,横浜市
4087,神奈川県,横浜市
4088,神奈川県,横浜市
4089,神奈川県,横浜市
4090,神奈川県,横浜市
4091,神奈川県,横浜市
4092,神奈川県,横浜市
4093,神奈川県,横浜市
4094,神奈川県,横浜市
4095,神奈川県,横浜市
4096,神奈川県,横浜市
4097,神奈川県,横浜市
4098,神奈川県,横浜市
4099,神奈川県,横浜市
4100,神奈川県,横浜市
4101,神奈川県,横浜市
4102,神奈川県,横浜市
4103,神奈川県,横浜市
4104,神奈川県,横浜市
4105,神奈川県,横浜市
4106,神奈川県,横浜市
4107,神奈川県,横浜市
4108,神奈川県,横浜市
4109,神奈川県,横浜市
4110,神奈川県,横浜市
4111,神奈川県,横浜市
4112,神奈川県,横浜市
4113,神奈川県,横浜市
4114,神奈川県,横浜市
4115,神奈川県,横浜市
4116,神奈川県,横浜市
4117,神奈川県,横浜市
4118,神奈川県,横浜市
4119,神奈川県,横浜市
4120,神奈川県,横浜市
4121,神奈川県,横浜市
4122,神奈川県,横浜市
4123,神奈川県,横浜市
4124,神奈川県,横浜市
4125,神奈川県,横浜市
4126,神奈川県,横浜市
4127,神奈川県,横浜市
4128,神奈川県,横浜市
4129,神奈川県,横浜市
4130,神奈川県,横浜市
4131,神奈川県,横浜市
4132,神奈川県,横浜市
4133,神奈川県,横浜市
4134,神奈川県,横浜市
4135,神奈川県,横浜市
4136,神奈川県,横浜市
4137,神奈川県,横浜市
4138,神奈川県,横浜市
4139,神奈川県,横浜市
4140,神奈川県,横浜市
4141,神奈川県,横浜市
4142,神奈川県,横浜市
4143,神奈川県,横浜市
4144,神奈川県,横浜市
4145,神奈川県,横浜市
4146,神奈川県,横浜市
4147,神奈川県,横浜市
4148,神奈川県,横浜市
4149,神奈川県,横浜市
4150,神奈川県,横浜市
4151,神奈川県,横浜市
4152,神奈川県,横浜市
4153,神奈川県,横浜市
4154,神奈川県,横浜市
4155,神奈川県,横浜市
4156,神奈川県,横浜市
4157,神奈川県,横浜市
4158,神奈川県,横浜市
4159,神奈川県,横浜市
4160,神奈川県,横浜市
4161,神奈川県,横浜市
4162,神奈川県,横浜市
4163,神奈川県,横浜市
4164,神奈川県,横浜市
4165,神奈川県,横浜市
4166,神奈川県,横浜市
4167,神奈川県,横浜市
4168,神奈川県,横浜市
4169,神奈川県,横浜市
4170,神奈川県,横浜市
4171,神奈川県,横浜市
4172,神奈川県,横浜市
4173,神奈川県,横浜市
4174,神奈川県,横浜市
4175,神奈川県,横浜市
4176,神奈川県,横浜市
4177,神奈川県,横浜市
4178,神奈川県,横浜市
4179,神奈川県,横浜市
4180,神奈川県,横浜市
4181,神奈川県,横浜市
4182,神奈川県,横浜市
4183,神奈川県,横浜市
4184,神奈川県,横浜市
4185,神奈川県,横浜市
4186,神奈川県,横浜市
4187,神奈川県,横浜市
4188,神奈川県,横浜市
4189,神奈川県,横浜市
4190,神奈川県,横浜市
4191,神奈川県,横浜市
4192,神奈川県,横浜市
4193,神奈川県,横浜市
4194,神奈川県,横浜市
4195,神奈川県,横浜市
4196,神奈川県,横浜市
4197,神奈川県,横浜市
4198,神奈川県,横浜市
4199,神奈川県,横浜市
4200,神奈川県,横浜市
4201,神奈川県,横浜市
4202,神奈川県,横浜市
4203,神奈川県,横浜市
4204,神奈川県,横浜市
4205,神奈川県,横浜市
4206,神奈川県,横浜市
4207,神奈川県,横浜市
4208,神奈川県,横浜市
4209,神奈川県,横浜市
4210,神奈川県,横浜市
4211,神奈川県,横浜市
4212,神奈川県,横浜市
4213,神奈川県,横浜市
4214,神奈川県,横浜市
4215,神奈川県,横浜市
4216,神奈川県,横浜市
4217,神奈川県,横浜市
4218,神奈川県,横浜市
4219,神奈川県,横浜市
4220,神奈川県,横浜市
4221,神奈川県,横浜市
4222,神奈川県,横浜市
4223,神奈川県,横浜市
4224,神奈川県,横浜市
4225,神奈川県,横浜市
4226,神奈川県,横浜市
4227,神奈川県,横浜市
4228,神奈川県,横浜市
4229,神奈川県,横浜市
4230,神奈川県,横浜市
4231,神奈川県,横浜市
4232,神奈川県,横浜市
4233,神奈川県,横浜市
4234,神奈川県,横浜市
4235,神奈川県,横浜市
4236,神奈川県,横浜市
4237,神奈川県,横浜市
4238,神奈川県,横浜市
4239,神奈川県,横浜市
4240,神奈川県,横浜市
4241,神奈川県,横浜市
4242,神奈川県,横浜市
4243,神奈川県,横浜市
4244,神奈川県,横浜市
4245,神奈川県,横浜市
4246,神奈川県,横浜市
4247,神奈川県,横浜市
4248,神奈川県,横浜市
4249,神奈川県,横浜市
4250,神奈川県,横浜市
4251,神奈川県,横浜市
4252,神奈川県,横浜市
4253,神奈川県,横浜市
4254,神奈川県,横浜市
4255,神奈川県,横浜市
4256,神奈川県,横浜市
4257,神奈川県,横浜市
4258,神奈川県,横浜市
4259,神奈川県,横浜市
4260,神奈川県,横浜市
4261,神奈川県,横浜市
4262,神奈川県,横浜市
4263,神奈川県,横浜市
4264,神奈川県,横浜市
4265,神奈川県,横浜市
4266,神奈川県,横浜市
4267,神奈川県,横浜市
4268,神奈川県,横浜市
4269,神奈川県,横浜市
4270,神奈川県,横浜市
4271,神奈川県,横浜市
4272,神奈川県,横浜市
4273,神奈川県,横浜市
4274,神奈川県,横浜市
4275,神奈川県,横浜市
4276,神奈川県,横浜市
4277,神奈川県,横浜市
4278,神奈川県,横浜市
4279,神奈川県,横浜市
4280,神奈川県,横浜市
4281,神奈川県,横浜市
4282,神奈川県,横浜市
4283,神奈川県,横浜市
4284,神奈川県,横浜市
4285,神奈川県,横浜市
4286,神奈川県,横浜市
4287,神奈川県,横浜市
4288,神奈川県,横浜市
4289,神奈川県,横浜市
4290,神奈川県,横浜市
4291,神奈川県,横浜市
4292,神奈川県,横浜市
4293,神奈川県,横浜市
4294,神奈川県,横浜市
4295,神奈川県,横浜市
4296,神奈川県,横浜市
4297,神奈川県,横浜市
4298,神奈川県,横浜市
4299,神奈川県,横浜市
4300,神奈川県,横浜市
4301,神奈川県,横浜市
4302,神奈川県,横浜市
4303,神奈川県,横浜市
4304,神奈川県,横浜市
4305,神奈川県,横浜市
4306,神奈川県,横浜市
4307,神奈川県,横浜市
4308,神奈川県,横浜市
4309,神奈川県,横浜市
4310,神奈川県,横浜市
4311,神奈川県,横浜市
4312,神奈川県,横浜市
4313,神奈川県,横浜市
4314,神奈川県,横浜市
4315,神奈川県,横浜市
4316,神奈川県,横浜市
4317,神奈川県,横浜市
4318,神奈川県,横浜市
4319,神奈川県,横浜市
4320,神奈川県,横浜市
4321,神奈川県,横浜市
4322,神奈川県,横浜市
4323,神奈川県,横浜市
4324,神奈川県,横浜市
4325,神奈川県,横浜市
4326,神奈川県,横浜市
4327,神奈川県,横浜市
4328,神奈川県,横浜市
4329,神奈川県,横浜市
4330,神奈川県,横浜市
4331,神奈川県,横浜市
4332,神奈川県,横浜市
4333,神奈川県,横浜市
4334,神奈川県,横浜市
4335,神奈川県,横浜市
4336,神奈川県,横浜市
4337,神奈川県,横浜市
4338,神奈川県,横浜市
4339,神奈川県,横浜市
4340,神奈川県,横浜市
4341,神奈川県,横浜市
4342,神奈川県,横浜市
4343,神奈川県,横浜市
4344,神奈川県,横浜市
4345,神奈川県,横浜市
4346,神奈川県,横浜市
4347,神奈川県,横浜市
4348,神奈川県,横浜市
4349,神奈川県,横浜市
4350,神奈川県,横浜市
4351,神奈川県,横浜市
4352,神奈川県,横浜市
4353,神奈川県,横浜市
4354,神奈川県,横浜市
4355,神奈川県,横浜市
4356,神奈川県,横浜市
4357,神奈川県,横浜市
4358,神奈川県,横浜市
4359,神奈川県,横浜市
4360,神奈川県,横浜市
4361,神奈川県,横浜市
4362,神奈川県,横浜市
4363,神奈川県,横浜市
4364,神奈川県,横浜市
4365,神奈川県,横浜市
4366,神奈川県,横浜市
4367,神奈川県,横浜市
4368,神奈川県,横浜市
4369,神奈川県,横浜市
4370,神奈川県,横浜市
4371,神奈川県,横浜市
4372,神奈川県,横浜市
4373,神奈川県,横浜市
4374,神奈川県,横浜市
4375,神奈川県,横浜市
4376,神奈川県,横浜市
4377,神奈川県,横浜市
4378,神奈川県,横浜市
4379,神奈川県,横浜市
4380,神奈川県,横浜市
4381,神奈川県,横浜市
4382,神奈川県,横浜市
4383,神奈川県,横浜市
4384,神奈川県,横浜市
4385,神奈川県,横浜市
4386,神奈川県,横浜市
4387,神奈川県,横浜市
4388,神奈川県,横浜市
4389,神奈川県,横浜市
4390,神奈川県,横浜市
4391,神奈川県,横浜市
4392,神奈川県,横浜市
4393,神奈川県,横浜市
4394,神奈川県,横浜市
4395,神奈川県,横浜市
4396,神奈川県,横浜市
4397,神奈川県,横浜市
4398,神奈川県,横浜市
4399,神奈川県,横浜市
4400,神奈川県,横浜市
4401,神奈川県,横浜市
4402,神奈川県,横浜市
4403,神奈川県,横浜市
4404,神奈川県,横浜市
4405,神奈川県,横浜市
4406,神奈川県,横浜市
4407,神奈川県,横浜市
4408,神奈川県,横浜市
4409,神奈川県,横浜市
4410,神奈川県,横浜市
4411,神奈川県,横浜市
4412,神奈川県,横浜市
4413,神奈川県,横浜市
4414,神奈川県,横浜市
4415,神奈川県,横浜市
4416,神奈川県,横浜市
4417,神奈川県,横浜市
4418,神奈川県,横浜市
4419,神奈川県,横浜市
4420,神奈川県,横浜市
4421,神奈川県,横浜市
4422,神奈川県,横浜市
4423,神奈川県,横浜市
4424,神奈川県,横浜市
4425,神奈川県,横浜市
4426,神奈川県,横浜市
4427,神奈川県,横浜市
4428,神奈川県,横浜市
4429,神奈川県,横浜市
4430,神奈川県,横浜市
4431,神奈川県,横浜市
4432,神奈川県,横浜市
4433,神奈川県,横浜市
4434,神奈川県,横浜市
4435,神奈川県,横浜市
4436,神奈川県,横浜市
4437,神奈川県,横浜市
4438,神奈川県,横浜市
4439,神奈川県,横浜市
4440,神奈川県,横浜市
4441,神奈川県,横浜市
4442,神奈川県,横浜市
4443,神奈川県,横浜市
4444,神奈川県,横浜市
4445,神奈川県,横浜市
4446,神奈川県,横浜市
4447,神奈川県,横浜市
4448,神奈川県,横浜市
4449,神奈川県,横浜市
4450,神奈川県,横浜市
4451,神奈川県,横浜市
4452,神奈川県,横浜市
4453,神奈川県,横浜市
4454,神奈川県,横浜市
4455,神奈川県,横浜市
4456,神奈川県,横浜市
4457,神奈川県,横浜市
4458,神奈川県,横浜市
4459,神奈川県,横浜市
4460,神奈川県,横浜市
4461,神奈川県,横浜市
4462,神奈川県,横浜市
4463,神奈川県,横浜市
4464,神奈川県,横浜市
4465,神奈川県,横浜市
4466,神奈川県,横浜市
4467,神奈川県,横浜市
4468,神奈川県,横浜市
4469,神奈川県,横浜市
4470,神奈川県,横浜市
4471,神奈川県,横浜市
4472,神奈川県,横浜市
4473,神奈川県,横浜市
4474,神奈川県,横浜市
4475,神奈川県,横浜市
4476,神奈川県,横浜市
4477,神奈川県,横浜市
4478,神奈川県,横浜市
4479,神奈川県,横浜市
4480,神奈川県,横浜市
4481,神奈川県,横浜市
4482,神奈川県,横浜市
4483,神奈川県,横浜市
4484,神奈川県,横浜市
4485,神奈川県,横浜市
4486,神奈川県,横浜市
4487,神奈川県,横浜市
4488,神奈川県,横浜市
4489,神奈川県,横浜市
4490,神奈川県,横浜市
4491,神奈川県,横浜市
4492,神奈川県,横浜市
4493,神奈川県,横浜市
4494,神奈川県,横浜市
4495,神奈川県,横浜市
4496,神奈川県,横浜市
4497,神奈川県,横浜市
4498,神奈川県,横浜市
4499,神奈川県,横浜市
4500,神奈川県,横浜市
4501,神奈川県,横浜市
4502,神奈川県,横浜市
4503,神奈川県,横浜市
4504,神奈川県,横浜市
4505,神奈川県,横浜市
4506,神奈川県,横浜市
4507,神奈川県,横浜市
4508,神奈川県,横浜市
4509,神奈川県,横浜市
4510,神奈川県,横浜市
4511,神奈川県,横浜市
4512,神奈川県,横浜市
4513,神奈川県,横浜市
4514,神奈川県,横浜市
4515,神奈川県,横浜市
4516,神奈川県,横浜市
4517,神奈川県,横浜市
4518,神奈川県,横浜市
4519,神奈川県,横浜市
4520,神奈川県,横浜市
4521,神奈川県,横浜市
4522,神奈川県,横浜市
4523,神奈川県,横浜市
4524,神奈川県,横浜市
4525,神奈川県,横浜市
4526,神奈川県,横浜市
4527,神奈川県,横浜市
4528,神奈川県,横浜市
4529,神奈川県,横浜市
4530,神奈川県,横浜市
4531,神奈川県,横浜市
4532,神奈川県,横浜市
4533,神奈川県,横浜市
4534,神奈川県,横浜市
4535,神奈川県,横浜市
4536,神奈川県,横浜市
4537,神奈川県,横浜市
4538,神奈川県,横浜市
4539,神奈川県,横浜市
4540,神奈川県,横浜市
4541,神奈川県,横浜市
4542,神奈川県,横浜市
4543,神奈川県,横浜市
4544,神奈川県,横浜市
4545,神奈川県,横浜市
4546,神奈川県,横浜市
4547,神奈川県,横浜市
4548,神奈川県,横浜市
4549,神奈川県,横浜市
4550,神奈川県,横浜市
4551,神奈川県,横浜市
4552,神奈川県,横浜市
4553,神奈川県,横浜市
4554,神奈川県,横浜市
4555,神奈川県,横浜市
4556,神奈川県,横浜市
4557,神奈川県,横浜市
4558,神奈川県,横浜市
4559,神奈川県,横浜市
4560,神奈川県,横浜市
4561,神奈川県,横浜市
4562,神奈川県,横浜市
4563,神奈川県,横浜市
4564,神奈川県,横浜市
4565,神奈川県,横浜市
4566,神奈川県,横浜市
4567,神奈川県,横浜市
4568,神奈川県,横浜市
4569,神奈川県,横浜市
4570,神奈川県,横浜市
4571,神奈川県,横浜市
4572,神奈川県,横浜市
4573,神奈川県,横浜市
4574,神奈川県,横浜市
4575,神奈川県,横浜市
4576,神奈川県,横浜市
4577,神奈川県,横浜市
4578,神奈川県,横浜市
4579,神奈川県,横浜市
4580,神奈川県,横浜市
4581,神奈川県,横浜市
4582,神奈川県,横浜市
4583,神奈川県,横浜市
4584,神奈川県,横浜市
4585,神奈川県,横浜市
4586,神奈川県,横浜市
4587,神奈川県,横浜市
4588,神奈川県,横浜市
4589,神奈川県,横浜市
4590,神奈川県,横浜市
4591,神奈川県,横浜市
4592,神奈川県,横浜市
4593,神奈川県,横浜市
4594,神奈川県,横浜市
4595,神奈川県,横浜市
4596,神奈川県,横浜市
4597,神奈川県,横浜市
4598,神奈川県,横浜市
4599,神奈川県,横浜市
4600,神奈川県,横浜市
4601,神奈川県,横浜市
4602,神奈川県,横浜市
4603,神奈川県,横浜市
4604,神奈川県,横浜市
4605,神奈川県,横浜市
4606,神奈川県,横浜市
4607,神奈川県,横浜市
4608,神奈川県,横浜市
4609,神奈川県,横浜市
4610,神奈川県,横浜市
4611,神奈川県,横浜市
4612,神奈川県,横浜市
4613,神奈川県,横浜市
4614,神奈川県,横浜市
4615,神奈川県,横浜市
4616,神奈川県,横浜市
4617,神奈川県,横浜市
4618,神奈川県,横浜市
4619,神奈川県,横浜市
4620,神奈川県,横浜市
4621,神奈川県,横浜市
4622,神奈川県,横浜市
4623,神奈川県,横浜市
4624,神奈川県,横浜市
4625,神奈川県,横浜市
4626,神奈川県,横浜市
4627,神奈川県,横浜市
4628,神奈川県,横浜市
4629,神奈川県,横浜市
4630,神奈川県,横浜市
4631,神奈川県,横浜市
4632,神奈川県,横浜市
4633,神奈川県,横浜市
4634,神奈川県,横浜市
4635,神奈川県,横浜市
4636,神奈川県,横浜市
4637,神奈川県,横浜市
4638,神奈川県,横浜市
4639,神奈川県,横浜市
4640,神奈川県,横浜市
4641,神奈川県,横浜市
